6,40,5
1,1,2,0
2,1,2,1
3,1,2,0
4,1,2,0
5,1,2,2
6,1,2,1
1,1,3,2
2,1,3,2
3,1,3,0
4,1,3,0
5,1,3,1
6,1,3,1
1,1,4,0
2,1,4,1
3,1,4,2
4,1,4,3
5,1,4,1
6,1,4,0
1,1,5,3
2,1,5,4
3,1,5,4
4,1,5,5
5,1,5,4
6,1,5,1
1,1,6,1
2,1,6,0
3,1,6,2
4,1,6,1
5,1,6,3
6,1,6,0
1,1,7,2
2,1,7,3
3,1,7,0
4,1,7,2
5,1,7,5
6,1,7,5
1,1,8,2
2,1,8,0
3,1,8,2
4,1,8,1
5,1,8,0
6,1,8,2
1,1,9,9
2,1,9,7
3,1,9,4
4,1,9,2
5,1,9,0
6,1,9,2
1,1,10,3
2,1,10,3
3,1,10,5
4,1,10,6
5,1,10,4
6,1,10,2
1,1,11,2
2,1,11,2
3,1,11,2
4,1,11,2
5,1,11,4
6,1,11,3
1,1,12,0
2,1,12,1
3,1,12,1
4,1,12,0
5,1,12,0
6,1,12,0
1,1,13,7
2,1,13,4
3,1,13,1
4,1,13,2
5,1,13,1
6,1,13,1
1,1,14,0
2,1,14,2
3,1,14,4
4,1,14,3
5,1,14,0
6,1,14,0
1,1,15,1
2,1,15,0
3,1,15,1
4,1,15,0
5,1,15,2
6,1,15,0
1,1,16,3
2,1,16,0
3,1,16,1
4,1,16,1
5,1,16,2
6,1,16,3
1,1,17,7
2,1,17,4
3,1,17,7
4,1,17,4
5,1,17,5
6,1,17,2
1,1,18,1
2,1,18,4
3,1,18,4
4,1,18,4
5,1,18,1
6,1,18,1
1,1,19,9
2,1,19,6
3,1,19,8
4,1,19,6
5,1,19,3
6,1,19,1
1,1,20,0
2,1,20,1
3,1,20,4
4,1,20,2
5,1,20,0
6,1,20,0
1,1,21,0
2,1,21,0
3,1,21,1
4,1,21,2
5,1,21,1
6,1,21,1
1,1,22,6
2,1,22,7
3,1,22,5
4,1,22,7
5,1,22,6
6,1,22,3
1,1,23,12
2,1,23,9
3,1,23,8
4,1,23,11
5,1,23,11
6,1,23,9
1,1,24,8
2,1,24,6
3,1,24,4
4,1,24,2
5,1,24,0
6,1,24,3
1,1,25,6
2,1,25,4
3,1,25,2
4,1,25,4
5,1,25,3
6,1,25,1
1,1,26,7
2,1,26,6
3,1,26,3
4,1,26,1
5,1,26,3
6,1,26,6
1,1,27,10
2,1,27,10
3,1,27,7
4,1,27,5
5,1,27,2
6,1,27,0
1,1,28,8
2,1,28,7
3,1,28,4
4,1,28,1
5,1,28,3
6,1,28,4
1,1,29,5
2,1,29,3
3,1,29,0
4,1,29,2
5,1,29,0
6,1,29,1
1,1,30,11
2,1,30,8
3,1,30,5
4,1,30,5
5,1,30,4
6,1,30,2
1,1,31,11
2,1,31,10
3,1,31,8
4,1,31,6
5,1,31,3
6,1,31,0
1,1,32,2
2,1,32,4
3,1,32,2
4,1,32,0
5,1,32,0
6,1,32,0
1,1,33,0
2,1,33,1
3,1,33,0
4,1,33,1
5,1,33,0
6,1,33,2
1,1,34,2
2,1,34,4
3,1,34,4
4,1,34,2
5,1,34,0
6,1,34,1
1,1,35,3
2,1,35,1
3,1,35,0
4,1,35,1
5,1,35,0
6,1,35,2
1,1,36,14
2,1,36,15
3,1,36,12
4,1,36,11
5,1,36,8
6,1,36,6
1,1,37,7
2,1,37,10
3,1,37,12
4,1,37,11
5,1,37,9
6,1,37,7
1,1,38,3
2,1,38,2
3,1,38,4
4,1,38,2
5,1,38,0
6,1,38,0
1,1,39,2
2,1,39,0
3,1,39,1
4,1,39,1
5,1,39,2
6,1,39,3
1,1,40,5
2,1,40,2
3,1,40,2
4,1,40,0
5,1,40,2
6,1,40,0
1,2,1,0
2,2,1,1
3,2,1,0
4,2,1,0
5,2,1,2
6,2,1,1
1,2,3,9
2,2,3,6
3,2,3,5
4,2,3,3
5,2,3,2
6,2,3,3
1,2,4,16
2,2,4,16
3,2,4,13
4,2,4,15
5,2,4,17
6,2,4,15
1,2,5,5
2,2,5,5
3,2,5,7
4,2,5,5
5,2,5,3
6,2,5,0
1,2,6,4
2,2,6,1
3,2,6,2
4,2,6,1
5,2,6,0
6,2,6,2
1,2,7,0
2,2,7,1
3,2,7,1
4,2,7,4
5,2,7,4
6,2,7,3
1,2,8,2
2,2,8,2
3,2,8,2
4,2,8,0
5,2,8,1
6,2,8,1
1,2,9,2
2,2,9,0
3,2,9,0
4,2,9,2
5,2,9,5
6,2,9,2
1,2,10,2
2,2,10,1
3,2,10,2
4,2,10,2
5,2,10,4
6,2,10,3
1,2,11,4
2,2,11,4
3,2,11,2
4,2,11,1
5,2,11,0
6,2,11,0
1,2,12,5
2,2,12,3
3,2,12,1
4,2,12,2
5,2,12,0
6,2,12,1
1,2,13,8
2,2,13,7
3,2,13,5
4,2,13,3
5,2,13,1
6,2,13,1
1,2,14,7
2,2,14,6
3,2,14,3
4,2,14,1
5,2,14,0
6,2,14,0
1,2,15,2
2,2,15,1
3,2,15,2
4,2,15,3
5,2,15,0
6,2,15,0
1,2,16,0
2,2,16,0
3,2,16,0
4,2,16,0
5,2,16,2
6,2,16,2
1,2,17,1
2,2,17,0
3,2,17,1
4,2,17,1
5,2,17,2
6,2,17,0
1,2,18,0
2,2,18,2
3,2,18,0
4,2,18,1
5,2,18,0
6,2,18,0
1,2,19,14
2,2,19,14
3,2,19,12
4,2,19,11
5,2,19,12
6,2,19,12
1,2,20,8
2,2,20,5
3,2,20,6
4,2,20,7
5,2,20,5
6,2,20,4
1,2,21,8
2,2,21,6
3,2,21,5
4,2,21,2
5,2,21,3
6,2,21,5
1,2,22,7
2,2,22,8
3,2,22,7
4,2,22,7
5,2,22,6
6,2,22,8
1,2,23,2
2,2,23,4
3,2,23,3
4,2,23,3
5,2,23,3
6,2,23,2
1,2,24,7
2,2,24,8
3,2,24,5
4,2,24,3
5,2,24,6
6,2,24,4
1,2,25,0
2,2,25,2
3,2,25,2
4,2,25,0
5,2,25,0
6,2,25,1
1,2,26,9
2,2,26,6
3,2,26,7
4,2,26,9
5,2,26,7
6,2,26,4
1,2,27,5
2,2,27,2
3,2,27,0
4,2,27,0
5,2,27,1
6,2,27,1
1,2,28,1
2,2,28,1
3,2,28,2
4,2,28,0
5,2,28,0
6,2,28,1
1,2,29,8
2,2,29,5
3,2,29,2
4,2,29,0
5,2,29,0
6,2,29,0
1,2,30,8
2,2,30,5
3,2,30,3
4,2,30,0
5,2,30,3
6,2,30,0
1,2,31,5
2,2,31,2
3,2,31,3
4,2,31,1
5,2,31,3
6,2,31,1
1,2,32,11
2,2,32,12
3,2,32,12
4,2,32,11
5,2,32,13
6,2,32,13
1,2,33,9
2,2,33,7
3,2,33,5
4,2,33,5
5,2,33,6
6,2,33,6
1,2,34,1
2,2,34,3
3,2,34,1
4,2,34,1
5,2,34,1
6,2,34,2
1,2,35,6
2,2,35,4
3,2,35,2
4,2,35,2
5,2,35,2
6,2,35,3
1,2,36,10
2,2,36,8
3,2,36,7
4,2,36,6
5,2,36,6
6,2,36,3
1,2,37,5
2,2,37,7
3,2,37,6
4,2,37,4
5,2,37,2
6,2,37,1
1,2,38,14
2,2,38,17
3,2,38,15
4,2,38,12
5,2,38,13
6,2,38,14
1,2,39,0
2,2,39,0
3,2,39,0
4,2,39,1
5,2,39,3
6,2,39,2
1,2,40,3
2,2,40,0
3,2,40,0
4,2,40,0
5,2,40,1
6,2,40,0
1,3,1,2
2,3,1,2
3,3,1,0
4,3,1,0
5,3,1,1
6,3,1,1
1,3,2,9
2,3,2,6
3,3,2,5
4,3,2,3
5,3,2,2
6,3,2,3
1,3,4,0
2,3,4,0
3,3,4,0
4,3,4,0
5,3,4,1
6,3,4,1
1,3,5,2
2,3,5,2
3,3,5,2
4,3,5,4
5,3,5,2
6,3,5,1
1,3,6,5
2,3,6,3
3,3,6,1
4,3,6,1
5,3,6,1
6,3,6,1
1,3,7,9
2,3,7,6
3,3,7,5
4,3,7,8
5,3,7,8
6,3,7,9
1,3,8,0
2,3,8,1
3,3,8,0
4,3,8,0
5,3,8,0
6,3,8,1
1,3,9,0
2,3,9,0
3,3,9,1
4,3,9,2
5,3,9,0
6,3,9,2
1,3,10,6
2,3,10,5
3,3,10,5
4,3,10,2
5,3,10,5
6,3,10,3
1,3,11,6
2,3,11,5
3,3,11,3
4,3,11,2
5,3,11,3
6,3,11,2
1,3,12,7
2,3,12,9
3,3,12,7
4,3,12,6
5,3,12,4
6,3,12,3
1,3,13,0
2,3,13,1
3,3,13,3
4,3,13,6
5,3,13,9
6,3,13,6
1,3,14,9
2,3,14,9
3,3,14,8
4,3,14,10
5,3,14,8
6,3,14,9
1,3,15,4
2,3,15,1
3,3,15,0
4,3,15,1
5,3,15,0
6,3,15,1
1,3,16,7
2,3,16,4
3,3,16,1
4,3,16,1
5,3,16,2
6,3,16,1
1,3,17,1
2,3,17,4
3,3,17,2
4,3,17,4
5,3,17,5
6,3,17,2
1,3,18,1
2,3,18,1
3,3,18,2
4,3,18,0
5,3,18,1
6,3,18,0
1,3,19,13
2,3,19,11
3,3,19,10
4,3,19,7
5,3,19,6
6,3,19,7
1,3,20,8
2,3,20,7
3,3,20,5
4,3,20,3
5,3,20,1
6,3,20,0
1,3,21,7
2,3,21,9
3,3,21,12
4,3,21,9
5,3,21,6
6,3,21,4
1,3,22,3
2,3,22,4
3,3,22,3
4,3,22,3
5,3,22,1
6,3,22,1
1,3,23,1
2,3,23,1
3,3,23,0
4,3,23,1
5,3,23,1
6,3,23,1
1,3,24,1
2,3,24,1
3,3,24,4
4,3,24,1
5,3,24,4
6,3,24,2
1,3,25,5
2,3,25,2
3,3,25,2
4,3,25,2
5,3,25,0
6,3,25,2
1,3,26,0
2,3,26,0
3,3,26,0
4,3,26,2
5,3,26,1
6,3,26,1
1,3,27,11
2,3,27,8
3,3,27,6
4,3,27,3
5,3,27,0
6,3,27,1
1,3,28,13
2,3,28,10
3,3,28,9
4,3,28,6
5,3,28,4
6,3,28,1
1,3,29,16
2,3,29,14
3,3,29,12
4,3,29,10
5,3,29,8
6,3,29,6
1,3,30,6
2,3,30,5
3,3,30,2
4,3,30,4
5,3,30,3
6,3,30,1
1,3,31,3
2,3,31,4
3,3,31,3
4,3,31,0
5,3,31,2
6,3,31,0
1,3,32,7
2,3,32,5
3,3,32,6
4,3,32,7
5,3,32,6
6,3,32,5
1,3,33,11
2,3,33,9
3,3,33,6
4,3,33,4
5,3,33,2
6,3,33,0
1,3,34,11
2,3,34,11
3,3,34,9
4,3,34,9
5,3,34,9
6,3,34,7
1,3,35,8
2,3,35,10
3,3,35,8
4,3,35,5
5,3,35,4
6,3,35,1
1,3,36,6
2,3,36,3
3,3,36,1
4,3,36,0
5,3,36,0
6,3,36,0
1,3,37,4
2,3,37,3
3,3,37,2
4,3,37,4
5,3,37,2
6,3,37,3
1,3,38,7
2,3,38,4
3,3,38,3
4,3,38,3
5,3,38,1
6,3,38,1
1,3,39,0
2,3,39,0
3,3,39,1
4,3,39,1
5,3,39,2
6,3,39,1
1,3,40,2
2,3,40,1
3,3,40,1
4,3,40,1
5,3,40,3
6,3,40,2
1,4,1,0
2,4,1,1
3,4,1,2
4,4,1,3
5,4,1,1
6,4,1,0
1,4,2,16
2,4,2,16
3,4,2,13
4,4,2,15
5,4,2,17
6,4,2,15
1,4,3,0
2,4,3,0
3,4,3,0
4,4,3,0
5,4,3,1
6,4,3,1
1,4,5,0
2,4,5,0
3,4,5,0
4,4,5,0
5,4,5,1
6,4,5,0
1,4,6,7
2,4,6,5
3,4,6,4
4,4,6,2
5,4,6,2
6,4,6,4
1,4,7,11
2,4,7,8
3,4,7,10
4,4,7,9
5,4,7,7
6,4,7,5
1,4,8,5
2,4,8,6
3,4,8,3
4,4,8,5
5,4,8,6
6,4,8,3
1,4,9,9
2,4,9,7
3,4,9,4
4,4,9,1
5,4,9,1
6,4,9,1
1,4,10,6
2,4,10,6
3,4,10,6
4,4,10,3
5,4,10,1
6,4,10,0
1,4,11,16
2,4,11,17
3,4,11,16
4,4,11,14
5,4,11,11
6,4,11,13
1,4,12,2
2,4,12,1
3,4,12,2
4,4,12,0
5,4,12,0
6,4,12,0
1,4,13,7
2,4,13,4
3,4,13,2
4,4,13,1
5,4,13,0
6,4,13,0
1,4,14,12
2,4,14,10
3,4,14,9
4,4,14,6
5,4,14,4
6,4,14,2
1,4,15,10
2,4,15,11
3,4,15,9
4,4,15,6
5,4,15,5
6,4,15,3
1,4,16,6
2,4,16,5
3,4,16,5
4,4,16,4
5,4,16,2
6,4,16,4
1,4,17,0
2,4,17,0
3,4,17,0
4,4,17,0
5,4,17,1
6,4,17,0
1,4,18,5
2,4,18,2
3,4,18,1
4,4,18,1
5,4,18,1
6,4,18,3
1,4,19,10
2,4,19,9
3,4,19,6
4,4,19,4
5,4,19,4
6,4,19,1
1,4,20,5
2,4,20,3
3,4,20,2
4,4,20,2
5,4,20,5
6,4,20,4
1,4,21,12
2,4,21,14
3,4,21,14
4,4,21,13
5,4,21,14
6,4,21,15
1,4,22,7
2,4,22,6
3,4,22,4
4,4,22,1
5,4,22,2
6,4,22,0
1,4,23,3
2,4,23,4
3,4,23,2
4,4,23,3
5,4,23,5
6,4,23,2
1,4,24,12
2,4,24,10
3,4,24,9
4,4,24,6
5,4,24,5
6,4,24,4
1,4,25,7
2,4,25,4
3,4,25,4
4,4,25,5
5,4,25,3
6,4,25,0
1,4,26,2
2,4,26,0
3,4,26,1
4,4,26,2
5,4,26,2
6,4,26,0
1,4,27,4
2,4,27,1
3,4,27,1
4,4,27,1
5,4,27,0
6,4,27,1
1,4,28,10
2,4,28,11
3,4,28,8
4,4,28,7
5,4,28,4
6,4,28,2
1,4,29,5
2,4,29,3
3,4,29,4
4,4,29,3
5,4,29,2
6,4,29,0
1,4,30,2
2,4,30,0
3,4,30,1
4,4,30,0
5,4,30,0
6,4,30,1
1,4,31,1
2,4,31,0
3,4,31,3
4,4,31,6
5,4,31,7
6,4,31,7
1,4,32,0
2,4,32,0
3,4,32,2
4,4,32,5
5,4,32,3
6,4,32,1
1,4,33,6
2,4,33,4
3,4,33,1
4,4,33,2
5,4,33,0
6,4,33,0
1,4,34,4
2,4,34,5
3,4,34,2
4,4,34,0
5,4,34,2
6,4,34,1
1,4,35,1
2,4,35,0
3,4,35,0
4,4,35,0
5,4,35,0
6,4,35,2
1,4,36,0
2,4,36,0
3,4,36,0
4,4,36,0
5,4,36,1
6,4,36,2
1,4,37,2
2,4,37,2
3,4,37,0
4,4,37,1
5,4,37,3
6,4,37,5
1,4,38,5
2,4,38,3
3,4,38,5
4,4,38,3
5,4,38,6
6,4,38,4
1,4,39,3
2,4,39,1
3,4,39,0
4,4,39,2
5,4,39,0
6,4,39,2
1,4,40,2
2,4,40,0
3,4,40,3
4,4,40,2
5,4,40,0
6,4,40,0
1,5,1,3
2,5,1,4
3,5,1,4
4,5,1,5
5,5,1,4
6,5,1,1
1,5,2,5
2,5,2,5
3,5,2,7
4,5,2,5
5,5,2,3
6,5,2,0
1,5,3,2
2,5,3,2
3,5,3,2
4,5,3,4
5,5,3,2
6,5,3,1
1,5,4,0
2,5,4,0
3,5,4,0
4,5,4,0
5,5,4,1
6,5,4,0
1,5,6,2
2,5,6,1
3,5,6,3
4,5,6,6
5,5,6,3
6,5,6,2
1,5,7,7
2,5,7,6
3,5,7,4
4,5,7,4
5,5,7,1
6,5,7,2
1,5,8,11
2,5,8,11
3,5,8,9
4,5,8,10
5,5,8,9
6,5,8,7
1,5,9,15
2,5,9,17
3,5,9,14
4,5,9,15
5,5,9,12
6,5,9,11
1,5,10,0
2,5,10,0
3,5,10,0
4,5,10,0
5,5,10,2
6,5,10,1
1,5,11,2
2,5,11,1
3,5,11,3
4,5,11,2
5,5,11,0
6,5,11,3
1,5,12,2
2,5,12,1
3,5,12,3
4,5,12,5
5,5,12,5
6,5,12,2
1,5,13,9
2,5,13,6
3,5,13,5
4,5,13,2
5,5,13,3
6,5,13,3
1,5,14,3
2,5,14,1
3,5,14,1
4,5,14,1
5,5,14,0
6,5,14,3
1,5,15,2
2,5,15,0
3,5,15,0
4,5,15,0
5,5,15,0
6,5,15,0
1,5,16,1
2,5,16,2
3,5,16,3
4,5,16,2
5,5,16,0
6,5,16,2
1,5,17,6
2,5,17,5
3,5,17,2
4,5,17,0
5,5,17,1
6,5,17,0
1,5,18,7
2,5,18,4
3,5,18,1
4,5,18,1
5,5,18,0
6,5,18,0
1,5,19,9
2,5,19,6
3,5,19,5
4,5,19,2
5,5,19,2
6,5,19,2
1,5,20,3
2,5,20,5
3,5,20,2
4,5,20,2
5,5,20,0
6,5,20,2
1,5,21,4
2,5,21,3
3,5,21,4
4,5,21,4
5,5,21,1
6,5,21,2
1,5,22,2
2,5,22,5
3,5,22,3
4,5,22,2
5,5,22,0
6,5,22,1
1,5,23,10
2,5,23,12
3,5,23,11
4,5,23,12
5,5,23,10
6,5,23,10
1,5,24,11
2,5,24,10
3,5,24,9
4,5,24,9
5,5,24,7
6,5,24,5
1,5,25,3
2,5,25,1
3,5,25,1
4,5,25,2
5,5,25,1
6,5,25,2
1,5,26,0
2,5,26,1
3,5,26,1
4,5,26,1
5,5,26,1
6,5,26,2
1,5,27,4
2,5,27,4
3,5,27,2
4,5,27,3
5,5,27,5
6,5,27,4
1,5,28,7
2,5,28,4
3,5,28,2
4,5,28,0
5,5,28,0
6,5,28,1
1,5,29,15
2,5,29,15
3,5,29,14
4,5,29,12
5,5,29,13
6,5,29,12
1,5,30,1
2,5,30,1
3,5,30,0
4,5,30,2
5,5,30,2
6,5,30,1
1,5,31,12
2,5,31,10
3,5,31,10
4,5,31,8
5,5,31,10
6,5,31,7
1,5,32,15
2,5,32,13
3,5,32,11
4,5,32,8
5,5,32,8
6,5,32,7
1,5,33,0
2,5,33,2
3,5,33,1
4,5,33,0
5,5,33,3
6,5,33,0
1,5,34,2
2,5,34,3
3,5,34,3
4,5,34,2
5,5,34,2
6,5,34,0
1,5,35,2
2,5,35,1
3,5,35,2
4,5,35,0
5,5,35,1
6,5,35,1
1,5,36,13
2,5,36,11
3,5,36,9
4,5,36,7
5,5,36,6
6,5,36,4
1,5,37,2
2,5,37,0
3,5,37,2
4,5,37,4
5,5,37,6
6,5,37,4
1,5,38,18
2,5,38,16
3,5,38,17
4,5,38,19
5,5,38,18
6,5,38,15
1,5,39,5
2,5,39,2
3,5,39,1
4,5,39,2
5,5,39,0
6,5,39,1
1,5,40,0
2,5,40,1
3,5,40,2
4,5,40,0
5,5,40,0
6,5,40,1
1,6,1,1
2,6,1,0
3,6,1,2
4,6,1,1
5,6,1,3
6,6,1,0
1,6,2,4
2,6,2,1
3,6,2,2
4,6,2,1
5,6,2,0
6,6,2,2
1,6,3,5
2,6,3,3
3,6,3,1
4,6,3,1
5,6,3,1
6,6,3,1
1,6,4,7
2,6,4,5
3,6,4,4
4,6,4,2
5,6,4,2
6,6,4,4
1,6,5,2
2,6,5,1
3,6,5,3
4,6,5,6
5,6,5,3
6,6,5,2
1,6,7,9
2,6,7,9
3,6,7,10
4,6,7,11
5,6,7,9
6,6,7,7
1,6,8,3
2,6,8,4
3,6,8,3
4,6,8,5
5,6,8,2
6,6,8,0
1,6,9,1
2,6,9,2
3,6,9,0
4,6,9,2
5,6,9,1
6,6,9,4
1,6,10,1
2,6,10,0
3,6,10,1
4,6,10,2
5,6,10,0
6,6,10,0
1,6,11,0
2,6,11,0
3,6,11,1
4,6,11,1
5,6,11,0
6,6,11,0
1,6,12,19
2,6,12,16
3,6,12,13
4,6,12,11
5,6,12,8
6,6,12,6
1,6,13,11
2,6,13,13
3,6,13,10
4,6,13,8
5,6,13,7
6,6,13,7
1,6,14,12
2,6,14,10
3,6,14,7
4,6,14,4
5,6,14,5
6,6,14,6
1,6,15,5
2,6,15,3
3,6,15,1
4,6,15,4
5,6,15,3
6,6,15,0
1,6,16,2
2,6,16,2
3,6,16,1
4,6,16,3
5,6,16,0
6,6,16,0
1,6,17,8
2,6,17,6
3,6,17,7
4,6,17,7
5,6,17,6
6,6,17,4
1,6,18,1
2,6,18,2
3,6,18,1
4,6,18,2
5,6,18,4
6,6,18,6
1,6,19,3
2,6,19,0
3,6,19,0
4,6,19,0
5,6,19,1
6,6,19,3
1,6,20,8
2,6,20,7
3,6,20,6
4,6,20,3
5,6,20,3
6,6,20,1
1,6,21,4
2,6,21,3
3,6,21,3
4,6,21,5
5,6,21,6
6,6,21,3
1,6,22,1
2,6,22,1
3,6,22,0
4,6,22,1
5,6,22,1
6,6,22,2
1,6,23,2
2,6,23,0
3,6,23,0
4,6,23,2
5,6,23,2
6,6,23,2
1,6,24,0
2,6,24,0
3,6,24,0
4,6,24,0
5,6,24,2
6,6,24,5
1,6,25,1
2,6,25,1
3,6,25,3
4,6,25,3
5,6,25,2
6,6,25,1
1,6,26,6
2,6,26,6
3,6,26,6
4,6,26,3
5,6,26,2
6,6,26,0
1,6,27,15
2,6,27,14
3,6,27,13
4,6,27,10
5,6,27,9
6,6,27,7
1,6,28,0
2,6,28,0
3,6,28,1
4,6,28,0
5,6,28,0
6,6,28,0
1,6,29,10
2,6,29,12
3,6,29,11
4,6,29,10
5,6,29,9
6,6,29,8
1,6,30,7
2,6,30,6
3,6,30,3
4,6,30,1
5,6,30,0
6,6,30,0
1,6,31,3
2,6,31,6
3,6,31,7
4,6,31,6
5,6,31,4
6,6,31,2
1,6,32,2
2,6,32,1
3,6,32,1
4,6,32,3
5,6,32,4
6,6,32,4
1,6,33,5
2,6,33,2
3,6,33,1
4,6,33,1
5,6,33,2
6,6,33,0
1,6,34,9
2,6,34,10
3,6,34,11
4,6,34,8
5,6,34,6
6,6,34,3
1,6,35,2
2,6,35,3
3,6,35,0
4,6,35,3
5,6,35,5
6,6,35,3
1,6,36,4
2,6,36,5
3,6,36,6
4,6,36,4
5,6,36,5
6,6,36,6
1,6,37,4
2,6,37,3
3,6,37,2
4,6,37,5
5,6,37,5
6,6,37,5
1,6,38,3
2,6,38,2
3,6,38,0
4,6,38,1
5,6,38,0
6,6,38,0
1,6,39,1
2,6,39,1
3,6,39,1
4,6,39,2
5,6,39,4
6,6,39,1
1,6,40,5
2,6,40,4
3,6,40,4
4,6,40,4
5,6,40,2
6,6,40,1
1,7,1,2
2,7,1,3
3,7,1,0
4,7,1,2
5,7,1,5
6,7,1,5
1,7,2,0
2,7,2,1
3,7,2,1
4,7,2,4
5,7,2,4
6,7,2,3
1,7,3,9
2,7,3,6
3,7,3,5
4,7,3,8
5,7,3,8
6,7,3,9
1,7,4,11
2,7,4,8
3,7,4,10
4,7,4,9
5,7,4,7
6,7,4,5
1,7,5,7
2,7,5,6
3,7,5,4
4,7,5,4
5,7,5,1
6,7,5,2
1,7,6,9
2,7,6,9
3,7,6,10
4,7,6,11
5,7,6,9
6,7,6,7
1,7,8,0
2,7,8,1
3,7,8,0
4,7,8,1
5,7,8,1
6,7,8,1
1,7,9,7
2,7,9,4
3,7,9,1
4,7,9,2
5,7,9,2
6,7,9,0
1,7,10,1
2,7,10,1
3,7,10,0
4,7,10,0
5,7,10,1
6,7,10,3
1,7,11,4
2,7,11,5
3,7,11,4
4,7,11,4
5,7,11,1
6,7,11,3
1,7,12,10
2,7,12,8
3,7,12,9
4,7,12,9
5,7,12,9
6,7,12,6
1,7,13,5
2,7,13,8
3,7,13,5
4,7,13,4
5,7,13,1
6,7,13,1
1,7,14,10
2,7,14,13
3,7,14,16
4,7,14,14
5,7,14,12
6,7,14,13
1,7,15,0
2,7,15,1
3,7,15,2
4,7,15,4
5,7,15,1
6,7,15,2
1,7,16,5
2,7,16,6
3,7,16,4
4,7,16,2
5,7,16,4
6,7,16,4
1,7,17,2
2,7,17,3
3,7,17,0
4,7,17,1
5,7,17,3
6,7,17,0
1,7,18,2
2,7,18,2
3,7,18,0
4,7,18,0
5,7,18,0
6,7,18,1
1,7,19,5
2,7,19,2
3,7,19,3
4,7,19,0
5,7,19,2
6,7,19,0
1,7,20,11
2,7,20,9
3,7,20,8
4,7,20,7
5,7,20,4
6,7,20,3
1,7,21,9
2,7,21,8
3,7,21,7
4,7,21,6
5,7,21,5
6,7,21,5
1,7,22,3
2,7,22,3
3,7,22,1
4,7,22,0
5,7,22,0
6,7,22,1
1,7,23,4
2,7,23,3
3,7,23,0
4,7,23,0
5,7,23,3
6,7,23,3
1,7,24,4
2,7,24,1
3,7,24,2
4,7,24,2
5,7,24,0
6,7,24,1
1,7,25,5
2,7,25,3
3,7,25,5
4,7,25,3
5,7,25,2
6,7,25,2
1,7,26,3
2,7,26,2
3,7,26,0
4,7,26,1
5,7,26,2
6,7,26,2
1,7,27,8
2,7,27,6
3,7,27,4
4,7,27,1
5,7,27,0
6,7,27,1
1,7,28,7
2,7,28,7
3,7,28,8
4,7,28,8
5,7,28,5
6,7,28,2
1,7,29,5
2,7,29,2
3,7,29,2
4,7,29,3
5,7,29,1
6,7,29,2
1,7,30,13
2,7,30,11
3,7,30,14
4,7,30,13
5,7,30,12
6,7,30,9
1,7,31,14
2,7,31,13
3,7,31,10
4,7,31,8
5,7,31,5
6,7,31,3
1,7,32,1
2,7,32,2
3,7,32,0
4,7,32,1
5,7,32,1
6,7,32,1
1,7,33,2
2,7,33,1
3,7,33,1
4,7,33,0
5,7,33,1
6,7,33,0
1,7,34,2
2,7,34,0
3,7,34,0
4,7,34,2
5,7,34,0
6,7,34,2
1,7,35,7
2,7,35,7
3,7,35,6
4,7,35,8
5,7,35,5
6,7,35,6
1,7,36,5
2,7,36,3
3,7,36,3
4,7,36,0
5,7,36,0
6,7,36,1
1,7,37,1
2,7,37,3
3,7,37,2
4,7,37,5
5,7,37,2
6,7,37,0
1,7,38,0
2,7,38,0
3,7,38,1
4,7,38,0
5,7,38,0
6,7,38,0
1,7,39,9
2,7,39,8
3,7,39,7
4,7,39,5
5,7,39,3
6,7,39,1
1,7,40,0
2,7,40,0
3,7,40,0
4,7,40,1
5,7,40,2
6,7,40,1
1,8,1,2
2,8,1,0
3,8,1,2
4,8,1,1
5,8,1,0
6,8,1,2
1,8,2,2
2,8,2,2
3,8,2,2
4,8,2,0
5,8,2,1
6,8,2,1
1,8,3,0
2,8,3,1
3,8,3,0
4,8,3,0
5,8,3,0
6,8,3,1
1,8,4,5
2,8,4,6
3,8,4,3
4,8,4,5
5,8,4,6
6,8,4,3
1,8,5,11
2,8,5,11
3,8,5,9
4,8,5,10
5,8,5,9
6,8,5,7
1,8,6,3
2,8,6,4
3,8,6,3
4,8,6,5
5,8,6,2
6,8,6,0
1,8,7,0
2,8,7,1
3,8,7,0
4,8,7,1
5,8,7,1
6,8,7,1
1,8,9,15
2,8,9,17
3,8,9,18
4,8,9,15
5,8,9,14
6,8,9,12
1,8,10,0
2,8,10,2
3,8,10,5
4,8,10,5
5,8,10,3
6,8,10,3
1,8,11,6
2,8,11,5
3,8,11,6
4,8,11,4
5,8,11,5
6,8,11,2
1,8,12,9
2,8,12,11
3,8,12,8
4,8,12,7
5,8,12,6
6,8,12,5
1,8,13,9
2,8,13,7
3,8,13,5
4,8,13,2
5,8,13,3
6,8,13,0
1,8,14,1
2,8,14,0
3,8,14,0
4,8,14,3
5,8,14,1
6,8,14,3
1,8,15,1
2,8,15,3
3,8,15,4
4,8,15,3
5,8,15,0
6,8,15,1
1,8,16,2
2,8,16,4
3,8,16,4
4,8,16,1
5,8,16,1
6,8,16,1
1,8,17,3
2,8,17,0
3,8,17,0
4,8,17,0
5,8,17,0
6,8,17,0
1,8,18,7
2,8,18,4
3,8,18,3
4,8,18,4
5,8,18,2
6,8,18,3
1,8,19,0
2,8,19,3
3,8,19,2
4,8,19,3
5,8,19,2
6,8,19,1
1,8,20,0
2,8,20,0
3,8,20,1
4,8,20,0
5,8,20,3
6,8,20,2
1,8,21,10
2,8,21,9
3,8,21,7
4,8,21,5
5,8,21,2
6,8,21,4
1,8,22,6
2,8,22,3
3,8,22,5
4,8,22,4
5,8,22,2
6,8,22,2
1,8,23,1
2,8,23,1
3,8,23,1
4,8,23,0
5,8,23,0
6,8,23,2
1,8,24,17
2,8,24,16
3,8,24,14
4,8,24,12
5,8,24,13
6,8,24,11
1,8,25,6
2,8,25,4
3,8,25,1
4,8,25,0
5,8,25,0
6,8,25,0
1,8,26,11
2,8,26,10
3,8,26,10
4,8,26,7
5,8,26,8
6,8,26,6
1,8,27,4
2,8,27,1
3,8,27,3
4,8,27,1
5,8,27,3
6,8,27,2
1,8,28,10
2,8,28,7
3,8,28,7
4,8,28,8
5,8,28,7
6,8,28,7
1,8,29,9
2,8,29,10
3,8,29,7
4,8,29,7
5,8,29,5
6,8,29,7
1,8,30,6
2,8,30,7
3,8,30,4
4,8,30,4
5,8,30,2
6,8,30,1
1,8,31,3
2,8,31,0
3,8,31,0
4,8,31,0
5,8,31,1
6,8,31,2
1,8,32,10
2,8,32,7
3,8,32,9
4,8,32,6
5,8,32,3
6,8,32,1
1,8,33,4
2,8,33,2
3,8,33,0
4,8,33,2
5,8,33,1
6,8,33,2
1,8,34,10
2,8,34,11
3,8,34,8
4,8,34,8
5,8,34,5
6,8,34,2
1,8,35,3
2,8,35,0
3,8,35,1
4,8,35,0
5,8,35,2
6,8,35,0
1,8,36,2
2,8,36,4
3,8,36,1
4,8,36,2
5,8,36,0
6,8,36,1
1,8,37,6
2,8,37,7
3,8,37,4
4,8,37,2
5,8,37,3
6,8,37,0
1,8,38,0
2,8,38,0
3,8,38,0
4,8,38,1
5,8,38,4
6,8,38,4
1,8,39,13
2,8,39,10
3,8,39,7
4,8,39,5
5,8,39,8
6,8,39,10
1,8,40,2
2,8,40,0
3,8,40,2
4,8,40,1
5,8,40,2
6,8,40,2
1,9,1,9
2,9,1,7
3,9,1,4
4,9,1,2
5,9,1,0
6,9,1,2
1,9,2,2
2,9,2,0
3,9,2,0
4,9,2,2
5,9,2,5
6,9,2,2
1,9,3,0
2,9,3,0
3,9,3,1
4,9,3,2
5,9,3,0
6,9,3,2
1,9,4,9
2,9,4,7
3,9,4,4
4,9,4,1
5,9,4,1
6,9,4,1
1,9,5,15
2,9,5,17
3,9,5,14
4,9,5,15
5,9,5,12
6,9,5,11
1,9,6,1
2,9,6,2
3,9,6,0
4,9,6,2
5,9,6,1
6,9,6,4
1,9,7,7
2,9,7,4
3,9,7,1
4,9,7,2
5,9,7,2
6,9,7,0
1,9,8,15
2,9,8,17
3,9,8,18
4,9,8,15
5,9,8,14
6,9,8,12
1,9,10,2
2,9,10,2
3,9,10,0
4,9,10,2
5,9,10,0
6,9,10,1
1,9,11,0
2,9,11,3
3,9,11,0
4,9,11,0
5,9,11,2
6,9,11,0
1,9,12,8
2,9,12,5
3,9,12,4
4,9,12,5
5,9,12,5
6,9,12,2
1,9,13,1
2,9,13,1
3,9,13,0
4,9,13,2
5,9,13,2
6,9,13,0
1,9,14,12
2,9,14,10
3,9,14,10
4,9,14,9
5,9,14,9
6,9,14,6
1,9,15,1
2,9,15,2
3,9,15,4
4,9,15,3
5,9,15,1
6,9,15,0
1,9,16,15
2,9,16,12
3,9,16,12
4,9,16,10
5,9,16,11
6,9,16,9
1,9,17,13
2,9,17,14
3,9,17,16
4,9,17,17
5,9,17,14
6,9,17,11
1,9,18,1
2,9,18,2
3,9,18,1
4,9,18,1
5,9,18,0
6,9,18,3
1,9,19,8
2,9,19,9
3,9,19,6
4,9,19,4
5,9,19,1
6,9,19,2
1,9,20,4
2,9,20,1
3,9,20,0
4,9,20,0
5,9,20,0
6,9,20,0
1,9,21,3
2,9,21,2
3,9,21,0
4,9,21,1
5,9,21,0
6,9,21,3
1,9,22,3
2,9,22,2
3,9,22,2
4,9,22,0
5,9,22,1
6,9,22,3
1,9,23,7
2,9,23,5
3,9,23,4
4,9,23,4
5,9,23,1
6,9,23,0
1,9,24,17
2,9,24,17
3,9,24,17
4,9,24,17
5,9,24,15
6,9,24,14
1,9,25,7
2,9,25,4
3,9,25,4
4,9,25,4
5,9,25,5
6,9,25,4
1,9,26,7
2,9,26,4
3,9,26,4
4,9,26,2
5,9,26,2
6,9,26,1
1,9,27,2
2,9,27,3
3,9,27,0
4,9,27,0
5,9,27,1
6,9,27,1
1,9,28,18
2,9,28,16
3,9,28,13
4,9,28,13
5,9,28,11
6,9,28,12
1,9,29,3
2,9,29,0
3,9,29,0
4,9,29,0
5,9,29,0
6,9,29,2
1,9,30,12
2,9,30,12
3,9,30,10
4,9,30,9
5,9,30,9
6,9,30,6
1,9,31,6
2,9,31,4
3,9,31,3
4,9,31,3
5,9,31,0
6,9,31,1
1,9,32,8
2,9,32,9
3,9,32,11
4,9,32,12
5,9,32,10
6,9,32,10
1,9,33,0
2,9,33,1
3,9,33,4
4,9,33,1
5,9,33,1
6,9,33,1
1,9,34,1
2,9,34,0
3,9,34,1
4,9,34,1
5,9,34,1
6,9,34,0
1,9,35,18
2,9,35,16
3,9,35,18
4,9,35,18
5,9,35,18
6,9,35,15
1,9,36,1
2,9,36,2
3,9,36,3
4,9,36,3
5,9,36,0
6,9,36,3
1,9,37,0
2,9,37,0
3,9,37,2
4,9,37,1
5,9,37,1
6,9,37,1
1,9,38,0
2,9,38,2
3,9,38,1
4,9,38,0
5,9,38,0
6,9,38,0
1,9,39,7
2,9,39,4
3,9,39,2
4,9,39,1
5,9,39,1
6,9,39,2
1,9,40,3
2,9,40,1
3,9,40,0
4,9,40,0
5,9,40,0
6,9,40,1
1,10,1,3
2,10,1,3
3,10,1,5
4,10,1,6
5,10,1,4
6,10,1,2
1,10,2,2
2,10,2,1
3,10,2,2
4,10,2,2
5,10,2,4
6,10,2,3
1,10,3,6
2,10,3,5
3,10,3,5
4,10,3,2
5,10,3,5
6,10,3,3
1,10,4,6
2,10,4,6
3,10,4,6
4,10,4,3
5,10,4,1
6,10,4,0
1,10,5,0
2,10,5,0
3,10,5,0
4,10,5,0
5,10,5,2
6,10,5,1
1,10,6,1
2,10,6,0
3,10,6,1
4,10,6,2
5,10,6,0
6,10,6,0
1,10,7,1
2,10,7,1
3,10,7,0
4,10,7,0
5,10,7,1
6,10,7,3
1,10,8,0
2,10,8,2
3,10,8,5
4,10,8,5
5,10,8,3
6,10,8,3
1,10,9,2
2,10,9,2
3,10,9,0
4,10,9,2
5,10,9,0
6,10,9,1
1,10,11,6
2,10,11,4
3,10,11,2
4,10,11,1
5,10,11,3
6,10,11,3
1,10,12,2
2,10,12,0
3,10,12,0
4,10,12,3
5,10,12,4
6,10,12,1
1,10,13,3
2,10,13,0
3,10,13,0
4,10,13,1
5,10,13,2
6,10,13,1
1,10,14,12
2,10,14,10
3,10,14,11
4,10,14,10
5,10,14,7
6,10,14,7
1,10,15,9
2,10,15,9
3,10,15,11
4,10,15,8
5,10,15,5
6,10,15,2
1,10,16,11
2,10,16,8
3,10,16,5
4,10,16,3
5,10,16,0
6,10,16,0
1,10,17,1
2,10,17,2
3,10,17,1
4,10,17,2
5,10,17,2
6,10,17,1
1,10,18,4
2,10,18,4
3,10,18,2
4,10,18,0
5,10,18,0
6,10,18,0
1,10,19,0
2,10,19,0
3,10,19,0
4,10,19,0
5,10,19,3
6,10,19,5
1,10,20,1
2,10,20,1
3,10,20,0
4,10,20,1
5,10,20,0
6,10,20,0
1,10,21,8
2,10,21,5
3,10,21,2
4,10,21,2
5,10,21,4
6,10,21,6
1,10,22,1
2,10,22,1
3,10,22,1
4,10,22,1
5,10,22,2
6,10,22,1
1,10,23,3
2,10,23,0
3,10,23,1
4,10,23,1
5,10,23,0
6,10,23,0
1,10,24,11
2,10,24,8
3,10,24,7
4,10,24,5
5,10,24,4
6,10,24,3
1,10,25,5
2,10,25,4
3,10,25,1
4,10,25,1
5,10,25,3
6,10,25,0
1,10,26,8
2,10,26,7
3,10,26,7
4,10,26,7
5,10,26,5
6,10,26,3
1,10,27,0
2,10,27,0
3,10,27,1
4,10,27,0
5,10,27,0
6,10,27,1
1,10,28,13
2,10,28,16
3,10,28,15
4,10,28,13
5,10,28,12
6,10,28,12
1,10,29,2
2,10,29,1
3,10,29,2
4,10,29,3
5,10,29,1
6,10,29,2
1,10,30,10
2,10,30,11
3,10,30,12
4,10,30,9
5,10,30,8
6,10,30,5
1,10,31,1
2,10,31,0
3,10,31,0
4,10,31,2
5,10,31,4
6,10,31,2
1,10,32,5
2,10,32,2
3,10,32,5
4,10,32,2
5,10,32,0
6,10,32,1
1,10,33,1
2,10,33,0
3,10,33,1
4,10,33,2
5,10,33,4
6,10,33,1
1,10,34,2
2,10,34,1
3,10,34,3
4,10,34,2
5,10,34,2
6,10,34,0
1,10,35,4
2,10,35,3
3,10,35,1
4,10,35,0
5,10,35,0
6,10,35,1
1,10,36,1
2,10,36,4
3,10,36,2
4,10,36,4
5,10,36,2
6,10,36,4
1,10,37,3
2,10,37,1
3,10,37,1
4,10,37,0
5,10,37,0
6,10,37,1
1,10,38,0
2,10,38,0
3,10,38,2
4,10,38,0
5,10,38,0
6,10,38,2
1,10,39,2
2,10,39,1
3,10,39,2
4,10,39,0
5,10,39,1
6,10,39,3
1,10,40,1
2,10,40,0
3,10,40,0
4,10,40,0
5,10,40,1
6,10,40,1
1,11,1,2
2,11,1,2
3,11,1,2
4,11,1,2
5,11,1,4
6,11,1,3
1,11,2,4
2,11,2,4
3,11,2,2
4,11,2,1
5,11,2,0
6,11,2,0
1,11,3,6
2,11,3,5
3,11,3,3
4,11,3,2
5,11,3,3
6,11,3,2
1,11,4,16
2,11,4,17
3,11,4,16
4,11,4,14
5,11,4,11
6,11,4,13
1,11,5,2
2,11,5,1
3,11,5,3
4,11,5,2
5,11,5,0
6,11,5,3
1,11,6,0
2,11,6,0
3,11,6,1
4,11,6,1
5,11,6,0
6,11,6,0
1,11,7,4
2,11,7,5
3,11,7,4
4,11,7,4
5,11,7,1
6,11,7,3
1,11,8,6
2,11,8,5
3,11,8,6
4,11,8,4
5,11,8,5
6,11,8,2
1,11,9,0
2,11,9,3
3,11,9,0
4,11,9,0
5,11,9,2
6,11,9,0
1,11,10,6
2,11,10,4
3,11,10,2
4,11,10,1
5,11,10,3
6,11,10,3
1,11,12,12
2,11,12,13
3,11,12,11
4,11,12,12
5,11,12,9
6,11,12,7
1,11,13,4
2,11,13,1
3,11,13,1
4,11,13,3
5,11,13,2
6,11,13,0
1,11,14,4
2,11,14,2
3,11,14,1
4,11,14,3
5,11,14,1
6,11,14,0
1,11,15,5
2,11,15,4
3,11,15,1
4,11,15,2
5,11,15,0
6,11,15,1
1,11,16,1
2,11,16,2
3,11,16,5
4,11,16,2
5,11,16,2
6,11,16,3
1,11,17,8
2,11,17,6
3,11,17,3
4,11,17,3
5,11,17,2
6,11,17,3
1,11,18,2
2,11,18,0
3,11,18,0
4,11,18,2
5,11,18,0
6,11,18,0
1,11,19,7
2,11,19,10
3,11,19,7
4,11,19,8
5,11,19,7
6,11,19,6
1,11,20,3
2,11,20,0
3,11,20,3
4,11,20,3
5,11,20,0
6,11,20,0
1,11,21,4
2,11,21,2
3,11,21,4
4,11,21,2
5,11,21,0
6,11,21,0
1,11,22,17
2,11,22,17
3,11,22,14
4,11,22,14
5,11,22,12
6,11,22,10
1,11,23,15
2,11,23,17
3,11,23,14
4,11,23,11
5,11,23,11
6,11,23,9
1,11,24,0
2,11,24,0
3,11,24,0
4,11,24,1
5,11,24,1
6,11,24,0
1,11,25,0
2,11,25,0
3,11,25,1
4,11,25,0
5,11,25,0
6,11,25,2
1,11,26,0
2,11,26,0
3,11,26,0
4,11,26,0
5,11,26,0
6,11,26,2
1,11,27,1
2,11,27,1
3,11,27,2
4,11,27,5
5,11,27,3
6,11,27,2
1,11,28,1
2,11,28,0
3,11,28,0
4,11,28,0
5,11,28,0
6,11,28,0
1,11,29,15
2,11,29,12
3,11,29,13
4,11,29,11
5,11,29,8
6,11,29,6
1,11,30,1
2,11,30,2
3,11,30,0
4,11,30,1
5,11,30,1
6,11,30,1
1,11,31,8
2,11,31,5
3,11,31,4
4,11,31,3
5,11,31,5
6,11,31,6
1,11,32,6
2,11,32,5
3,11,32,5
4,11,32,2
5,11,32,2
6,11,32,3
1,11,33,2
2,11,33,3
3,11,33,0
4,11,33,2
5,11,33,0
6,11,33,2
1,11,34,4
2,11,34,2
3,11,34,1
4,11,34,1
5,11,34,3
6,11,34,4
1,11,35,4
2,11,35,5
3,11,35,2
4,11,35,0
5,11,35,3
6,11,35,5
1,11,36,4
2,11,36,5
3,11,36,7
4,11,36,5
5,11,36,3
6,11,36,1
1,11,37,11
2,11,37,9
3,11,37,6
4,11,37,4
5,11,37,2
6,11,37,0
1,11,38,0
2,11,38,0
3,11,38,0
4,11,38,0
5,11,38,2
6,11,38,0
1,11,39,7
2,11,39,10
3,11,39,11
4,11,39,12
5,11,39,9
6,11,39,9
1,11,40,3
2,11,40,3
3,11,40,2
4,11,40,3
5,11,40,4
6,11,40,4
1,12,1,0
2,12,1,1
3,12,1,1
4,12,1,0
5,12,1,0
6,12,1,0
1,12,2,5
2,12,2,3
3,12,2,1
4,12,2,2
5,12,2,0
6,12,2,1
1,12,3,7
2,12,3,9
3,12,3,7
4,12,3,6
5,12,3,4
6,12,3,3
1,12,4,2
2,12,4,1
3,12,4,2
4,12,4,0
5,12,4,0
6,12,4,0
1,12,5,2
2,12,5,1
3,12,5,3
4,12,5,5
5,12,5,5
6,12,5,2
1,12,6,19
2,12,6,16
3,12,6,13
4,12,6,11
5,12,6,8
6,12,6,6
1,12,7,10
2,12,7,8
3,12,7,9
4,12,7,9
5,12,7,9
6,12,7,6
1,12,8,9
2,12,8,11
3,12,8,8
4,12,8,7
5,12,8,6
6,12,8,5
1,12,9,8
2,12,9,5
3,12,9,4
4,12,9,5
5,12,9,5
6,12,9,2
1,12,10,2
2,12,10,0
3,12,10,0
4,12,10,3
5,12,10,4
6,12,10,1
1,12,11,12
2,12,11,13
3,12,11,11
4,12,11,12
5,12,11,9
6,12,11,7
1,12,13,3
2,12,13,1
3,12,13,2
4,12,13,1
5,12,13,3
6,12,13,3
1,12,14,0
2,12,14,1
3,12,14,1
4,12,14,2
5,12,14,4
6,12,14,1
1,12,15,3
2,12,15,1
3,12,15,1
4,12,15,2
5,12,15,0
6,12,15,1
1,12,16,4
2,12,16,7
3,12,16,5
4,12,16,2
5,12,16,4
6,12,16,2
1,12,17,6
2,12,17,4
3,12,17,5
4,12,17,5
5,12,17,4
6,12,17,3
1,12,18,1
2,12,18,1
3,12,18,4
4,12,18,4
5,12,18,2
6,12,18,2
1,12,19,0
2,12,19,2
3,12,19,1
4,12,19,3
5,12,19,5
6,12,19,3
1,12,20,2
2,12,20,2
3,12,20,3
4,12,20,0
5,12,20,3
6,12,20,3
1,12,21,1
2,12,21,1
3,12,21,1
4,12,21,4
5,12,21,5
6,12,21,6
1,12,22,4
2,12,22,4
3,12,22,1
4,12,22,2
5,12,22,3
6,12,22,3
1,12,23,8
2,12,23,8
3,12,23,7
4,12,23,6
5,12,23,4
6,12,23,5
1,12,24,14
2,12,24,14
3,12,24,12
4,12,24,9
5,12,24,12
6,12,24,11
1,12,25,7
2,12,25,4
3,12,25,4
4,12,25,2
5,12,25,1
6,12,25,0
1,12,26,9
2,12,26,9
3,12,26,8
4,12,26,7
5,12,26,9
6,12,26,7
1,12,27,4
2,12,27,4
3,12,27,5
4,12,27,6
5,12,27,3
6,12,27,6
1,12,28,2
2,12,28,4
3,12,28,6
4,12,28,3
5,12,28,0
6,12,28,0
1,12,29,16
2,12,29,16
3,12,29,17
4,12,29,17
5,12,29,16
6,12,29,14
1,12,30,13
2,12,30,11
3,12,30,13
4,12,30,13
5,12,30,14
6,12,30,12
1,12,31,3
2,12,31,6
3,12,31,9
4,12,31,7
5,12,31,7
6,12,31,9
1,12,32,2
2,12,32,2
3,12,32,1
4,12,32,2
5,12,32,2
6,12,32,2
1,12,33,5
2,12,33,2
3,12,33,4
4,12,33,2
5,12,33,1
6,12,33,3
1,12,34,8
2,12,34,7
3,12,34,9
4,12,34,7
5,12,34,8
6,12,34,6
1,12,35,1
2,12,35,1
3,12,35,4
4,12,35,2
5,12,35,1
6,12,35,2
1,12,36,11
2,12,36,12
3,12,36,11
4,12,36,8
5,12,36,5
6,12,36,2
1,12,37,4
2,12,37,7
3,12,37,7
4,12,37,7
5,12,37,6
6,12,37,6
1,12,38,7
2,12,38,4
3,12,38,4
4,12,38,1
5,12,38,3
6,12,38,0
1,12,39,1
2,12,39,0
3,12,39,1
4,12,39,1
5,12,39,0
6,12,39,2
1,12,40,9
2,12,40,10
3,12,40,7
4,12,40,4
5,12,40,1
6,12,40,0
1,13,1,7
2,13,1,4
3,13,1,1
4,13,1,2
5,13,1,1
6,13,1,1
1,13,2,8
2,13,2,7
3,13,2,5
4,13,2,3
5,13,2,1
6,13,2,1
1,13,3,0
2,13,3,1
3,13,3,3
4,13,3,6
5,13,3,9
6,13,3,6
1,13,4,7
2,13,4,4
3,13,4,2
4,13,4,1
5,13,4,0
6,13,4,0
1,13,5,9
2,13,5,6
3,13,5,5
4,13,5,2
5,13,5,3
6,13,5,3
1,13,6,11
2,13,6,13
3,13,6,10
4,13,6,8
5,13,6,7
6,13,6,7
1,13,7,5
2,13,7,8
3,13,7,5
4,13,7,4
5,13,7,1
6,13,7,1
1,13,8,9
2,13,8,7
3,13,8,5
4,13,8,2
5,13,8,3
6,13,8,0
1,13,9,1
2,13,9,1
3,13,9,0
4,13,9,2
5,13,9,2
6,13,9,0
1,13,10,3
2,13,10,0
3,13,10,0
4,13,10,1
5,13,10,2
6,13,10,1
1,13,11,4
2,13,11,1
3,13,11,1
4,13,11,3
5,13,11,2
6,13,11,0
1,13,12,3
2,13,12,1
3,13,12,2
4,13,12,1
5,13,12,3
6,13,12,3
1,13,14,2
2,13,14,2
3,13,14,0
4,13,14,2
5,13,14,0
6,13,14,1
1,13,15,0
2,13,15,1
3,13,15,0
4,13,15,2
5,13,15,2
6,13,15,0
1,13,16,4
2,13,16,1
3,13,16,0
4,13,16,2
5,13,16,1
6,13,16,4
1,13,17,6
2,13,17,6
3,13,17,6
4,13,17,3
5,13,17,4
6,13,17,1
1,13,18,6
2,13,18,3
3,13,18,0
4,13,18,1
5,13,18,3
6,13,18,0
1,13,19,16
2,13,19,18
3,13,19,15
4,13,19,12
5,13,19,12
6,13,19,9
1,13,20,2
2,13,20,5
3,13,20,6
4,13,20,3
5,13,20,0
6,13,20,1
1,13,21,0
2,13,21,1
3,13,21,3
4,13,21,1
5,13,21,1
6,13,21,4
1,13,22,11
2,13,22,9
3,13,22,7
4,13,22,7
5,13,22,9
6,13,22,9
1,13,23,0
2,13,23,0
3,13,23,0
4,13,23,2
5,13,23,0
6,13,23,2
1,13,24,14
2,13,24,13
3,13,24,11
4,13,24,10
5,13,24,8
6,13,24,5
1,13,25,11
2,13,25,9
3,13,25,9
4,13,25,8
5,13,25,7
6,13,25,7
1,13,26,1
2,13,26,3
3,13,26,0
4,13,26,1
5,13,26,4
6,13,26,3
1,13,27,6
2,13,27,6
3,13,27,3
4,13,27,5
5,13,27,5
6,13,27,3
1,13,28,7
2,13,28,4
3,13,28,4
4,13,28,2
5,13,28,1
6,13,28,0
1,13,29,9
2,13,29,8
3,13,29,5
4,13,29,6
5,13,29,5
6,13,29,6
1,13,30,6
2,13,30,5
3,13,30,8
4,13,30,5
5,13,30,3
6,13,30,1
1,13,31,7
2,13,31,5
3,13,31,5
4,13,31,3
5,13,31,2
6,13,31,1
1,13,32,10
2,13,32,8
3,13,32,7
4,13,32,5
5,13,32,6
6,13,32,6
1,13,33,13
2,13,33,13
3,13,33,11
4,13,33,10
5,13,33,7
6,13,33,6
1,13,34,10
2,13,34,7
3,13,34,5
4,13,34,5
5,13,34,3
6,13,34,5
1,13,35,6
2,13,35,6
3,13,35,6
4,13,35,9
5,13,35,8
6,13,35,5
1,13,36,0
2,13,36,1
3,13,36,2
4,13,36,0
5,13,36,2
6,13,36,1
1,13,37,8
2,13,37,5
3,13,37,6
4,13,37,3
5,13,37,3
6,13,37,0
1,13,38,3
2,13,38,4
3,13,38,3
4,13,38,0
5,13,38,0
6,13,38,3
1,13,39,10
2,13,39,8
3,13,39,9
4,13,39,6
5,13,39,3
6,13,39,1
1,13,40,3
2,13,40,2
3,13,40,0
4,13,40,0
5,13,40,1
6,13,40,1
1,14,1,0
2,14,1,2
3,14,1,4
4,14,1,3
5,14,1,0
6,14,1,0
1,14,2,7
2,14,2,6
3,14,2,3
4,14,2,1
5,14,2,0
6,14,2,0
1,14,3,9
2,14,3,9
3,14,3,8
4,14,3,10
5,14,3,8
6,14,3,9
1,14,4,12
2,14,4,10
3,14,4,9
4,14,4,6
5,14,4,4
6,14,4,2
1,14,5,3
2,14,5,1
3,14,5,1
4,14,5,1
5,14,5,0
6,14,5,3
1,14,6,12
2,14,6,10
3,14,6,7
4,14,6,4
5,14,6,5
6,14,6,6
1,14,7,10
2,14,7,13
3,14,7,16
4,14,7,14
5,14,7,12
6,14,7,13
1,14,8,1
2,14,8,0
3,14,8,0
4,14,8,3
5,14,8,1
6,14,8,3
1,14,9,12
2,14,9,10
3,14,9,10
4,14,9,9
5,14,9,9
6,14,9,6
1,14,10,12
2,14,10,10
3,14,10,11
4,14,10,10
5,14,10,7
6,14,10,7
1,14,11,4
2,14,11,2
3,14,11,1
4,14,11,3
5,14,11,1
6,14,11,0
1,14,12,0
2,14,12,1
3,14,12,1
4,14,12,2
5,14,12,4
6,14,12,1
1,14,13,2
2,14,13,2
3,14,13,0
4,14,13,2
5,14,13,0
6,14,13,1
1,14,15,0
2,14,15,1
3,14,15,0
4,14,15,0
5,14,15,0
6,14,15,0
1,14,16,14
2,14,16,11
3,14,16,8
4,14,16,10
5,14,16,9
6,14,16,8
1,14,17,0
2,14,17,0
3,14,17,0
4,14,17,2
5,14,17,1
6,14,17,2
1,14,18,6
2,14,18,4
3,14,18,4
4,14,18,1
5,14,18,2
6,14,18,4
1,14,19,0
2,14,19,2
3,14,19,2
4,14,19,0
5,14,19,3
6,14,19,4
1,14,20,1
2,14,20,1
3,14,20,1
4,14,20,3
5,14,20,3
6,14,20,2
1,14,21,6
2,14,21,3
3,14,21,2
4,14,21,4
5,14,21,1
6,14,21,3
1,14,22,2
2,14,22,2
3,14,22,3
4,14,22,0
5,14,22,2
6,14,22,0
1,14,23,2
2,14,23,0
3,14,23,0
4,14,23,0
5,14,23,2
6,14,23,0
1,14,24,1
2,14,24,0
3,14,24,1
4,14,24,0
5,14,24,0
6,14,24,0
1,14,25,14
2,14,25,12
3,14,25,10
4,14,25,9
5,14,25,6
6,14,25,7
1,14,26,5
2,14,26,7
3,14,26,6
4,14,26,4
5,14,26,2
6,14,26,0
1,14,27,13
2,14,27,13
3,14,27,11
4,14,27,12
5,14,27,13
6,14,27,13
1,14,28,8
2,14,28,6
3,14,28,5
4,14,28,2
5,14,28,1
6,14,28,1
1,14,29,5
2,14,29,6
3,14,29,4
4,14,29,6
5,14,29,3
6,14,29,0
1,14,30,2
2,14,30,4
3,14,30,5
4,14,30,2
5,14,30,0
6,14,30,3
1,14,31,15
2,14,31,16
3,14,31,15
4,14,31,13
5,14,31,12
6,14,31,11
1,14,32,2
2,14,32,1
3,14,32,2
4,14,32,1
5,14,32,1
6,14,32,1
1,14,33,3
2,14,33,4
3,14,33,3
4,14,33,1
5,14,33,2
6,14,33,2
1,14,34,11
2,14,34,8
3,14,34,7
4,14,34,6
5,14,34,4
6,14,34,6
1,14,35,4
2,14,35,3
3,14,35,4
4,14,35,1
5,14,35,1
6,14,35,1
1,14,36,4
2,14,36,2
3,14,36,4
4,14,36,4
5,14,36,1
6,14,36,1
1,14,37,1
2,14,37,4
3,14,37,1
4,14,37,0
5,14,37,2
6,14,37,2
1,14,38,8
2,14,38,7
3,14,38,7
4,14,38,6
5,14,38,4
6,14,38,4
1,14,39,0
2,14,39,0
3,14,39,0
4,14,39,1
5,14,39,0
6,14,39,0
1,14,40,0
2,14,40,0
3,14,40,1
4,14,40,0
5,14,40,1
6,14,40,2
1,15,1,1
2,15,1,0
3,15,1,1
4,15,1,0
5,15,1,2
6,15,1,0
1,15,2,2
2,15,2,1
3,15,2,2
4,15,2,3
5,15,2,0
6,15,2,0
1,15,3,4
2,15,3,1
3,15,3,0
4,15,3,1
5,15,3,0
6,15,3,1
1,15,4,10
2,15,4,11
3,15,4,9
4,15,4,6
5,15,4,5
6,15,4,3
1,15,5,2
2,15,5,0
3,15,5,0
4,15,5,0
5,15,5,0
6,15,5,0
1,15,6,5
2,15,6,3
3,15,6,1
4,15,6,4
5,15,6,3
6,15,6,0
1,15,7,0
2,15,7,1
3,15,7,2
4,15,7,4
5,15,7,1
6,15,7,2
1,15,8,1
2,15,8,3
3,15,8,4
4,15,8,3
5,15,8,0
6,15,8,1
1,15,9,1
2,15,9,2
3,15,9,4
4,15,9,3
5,15,9,1
6,15,9,0
1,15,10,9
2,15,10,9
3,15,10,11
4,15,10,8
5,15,10,5
6,15,10,2
1,15,11,5
2,15,11,4
3,15,11,1
4,15,11,2
5,15,11,0
6,15,11,1
1,15,12,3
2,15,12,1
3,15,12,1
4,15,12,2
5,15,12,0
6,15,12,1
1,15,13,0
2,15,13,1
3,15,13,0
4,15,13,2
5,15,13,2
6,15,13,0
1,15,14,0
2,15,14,1
3,15,14,0
4,15,14,0
5,15,14,0
6,15,14,0
1,15,16,4
2,15,16,1
3,15,16,1
4,15,16,1
5,15,16,2
6,15,16,5
1,15,17,3
2,15,17,0
3,15,17,1
4,15,17,2
5,15,17,0
6,15,17,1
1,15,18,13
2,15,18,10
3,15,18,9
4,15,18,10
5,15,18,7
6,15,18,9
1,15,19,2
2,15,19,3
3,15,19,0
4,15,19,0
5,15,19,0
6,15,19,1
1,15,20,3
2,15,20,1
3,15,20,2
4,15,20,2
5,15,20,2
6,15,20,1
1,15,21,13
2,15,21,10
3,15,21,11
4,15,21,8
5,15,21,8
6,15,21,5
1,15,22,1
2,15,22,0
3,15,22,1
4,15,22,0
5,15,22,2
6,15,22,2
1,15,23,1
2,15,23,0
3,15,23,1
4,15,23,0
5,15,23,2
6,15,23,2
1,15,24,6
2,15,24,3
3,15,24,3
4,15,24,2
5,15,24,2
6,15,24,1
1,15,25,1
2,15,25,3
3,15,25,2
4,15,25,4
5,15,25,3
6,15,25,4
1,15,26,5
2,15,26,4
3,15,26,4
4,15,26,1
5,15,26,0
6,15,26,2
1,15,27,9
2,15,27,9
3,15,27,7
4,15,27,4
5,15,27,5
6,15,27,2
1,15,28,3
2,15,28,3
3,15,28,1
4,15,28,0
5,15,28,0
6,15,28,1
1,15,29,0
2,15,29,0
3,15,29,1
4,15,29,1
5,15,29,2
6,15,29,0
1,15,30,3
2,15,30,1
3,15,30,0
4,15,30,2
5,15,30,3
6,15,30,4
1,15,31,5
2,15,31,6
3,15,31,8
4,15,31,8
5,15,31,7
6,15,31,7
1,15,32,13
2,15,32,10
3,15,32,7
4,15,32,6
5,15,32,8
6,15,32,6
1,15,33,11
2,15,33,10
3,15,33,7
4,15,33,6
5,15,33,4
6,15,33,3
1,15,34,9
2,15,34,9
3,15,34,6
4,15,34,3
5,15,34,0
6,15,34,0
1,15,35,13
2,15,35,11
3,15,35,10
4,15,35,13
5,15,35,11
6,15,35,11
1,15,36,16
2,15,36,16
3,15,36,16
4,15,36,14
5,15,36,13
6,15,36,13
1,15,37,1
2,15,37,2
3,15,37,0
4,15,37,2
5,15,37,0
6,15,37,3
1,15,38,0
2,15,38,1
3,15,38,3
4,15,38,2
5,15,38,1
6,15,38,1
1,15,39,0
2,15,39,0
3,15,39,2
4,15,39,4
5,15,39,2
6,15,39,1
1,15,40,4
2,15,40,5
3,15,40,5
4,15,40,5
5,15,40,3
6,15,40,0
1,16,1,3
2,16,1,0
3,16,1,1
4,16,1,1
5,16,1,2
6,16,1,3
1,16,2,0
2,16,2,0
3,16,2,0
4,16,2,0
5,16,2,2
6,16,2,2
1,16,3,7
2,16,3,4
3,16,3,1
4,16,3,1
5,16,3,2
6,16,3,1
1,16,4,6
2,16,4,5
3,16,4,5
4,16,4,4
5,16,4,2
6,16,4,4
1,16,5,1
2,16,5,2
3,16,5,3
4,16,5,2
5,16,5,0
6,16,5,2
1,16,6,2
2,16,6,2
3,16,6,1
4,16,6,3
5,16,6,0
6,16,6,0
1,16,7,5
2,16,7,6
3,16,7,4
4,16,7,2
5,16,7,4
6,16,7,4
1,16,8,2
2,16,8,4
3,16,8,4
4,16,8,1
5,16,8,1
6,16,8,1
1,16,9,15
2,16,9,12
3,16,9,12
4,16,9,10
5,16,9,11
6,16,9,9
1,16,10,11
2,16,10,8
3,16,10,5
4,16,10,3
5,16,10,0
6,16,10,0
1,16,11,1
2,16,11,2
3,16,11,5
4,16,11,2
5,16,11,2
6,16,11,3
1,16,12,4
2,16,12,7
3,16,12,5
4,16,12,2
5,16,12,4
6,16,12,2
1,16,13,4
2,16,13,1
3,16,13,0
4,16,13,2
5,16,13,1
6,16,13,4
1,16,14,14
2,16,14,11
3,16,14,8
4,16,14,10
5,16,14,9
6,16,14,8
1,16,15,4
2,16,15,1
3,16,15,1
4,16,15,1
5,16,15,2
6,16,15,5
1,16,17,16
2,16,17,15
3,16,17,14
4,16,17,12
5,16,17,13
6,16,17,10
1,16,18,11
2,16,18,8
3,16,18,5
4,16,18,2
5,16,18,0
6,16,18,2
1,16,19,3
2,16,19,0
3,16,19,0
4,16,19,0
5,16,19,2
6,16,19,0
1,16,20,11
2,16,20,13
3,16,20,10
4,16,20,7
5,16,20,6
6,16,20,6
1,16,21,5
2,16,21,2
3,16,21,0
4,16,21,2
5,16,21,1
6,16,21,2
1,16,22,3
2,16,22,4
3,16,22,6
4,16,22,4
5,16,22,2
6,16,22,4
1,16,23,9
2,16,23,10
3,16,23,7
4,16,23,4
5,16,23,3
6,16,23,0
1,16,24,4
2,16,24,1
3,16,24,2
4,16,24,0
5,16,24,1
6,16,24,2
1,16,25,11
2,16,25,8
3,16,25,5
4,16,25,5
5,16,25,5
6,16,25,4
1,16,26,6
2,16,26,5
3,16,26,2
4,16,26,3
5,16,26,2
6,16,26,0
1,16,27,1
2,16,27,1
3,16,27,1
4,16,27,1
5,16,27,1
6,16,27,1
1,16,28,2
2,16,28,0
3,16,28,0
4,16,28,0
5,16,28,0
6,16,28,1
1,16,29,1
2,16,29,2
3,16,29,3
4,16,29,2
5,16,29,2
6,16,29,1
1,16,30,6
2,16,30,4
3,16,30,1
4,16,30,0
5,16,30,1
6,16,30,2
1,16,31,6
2,16,31,5
3,16,31,6
4,16,31,3
5,16,31,4
6,16,31,1
1,16,32,4
2,16,32,1
3,16,32,0
4,16,32,0
5,16,32,0
6,16,32,2
1,16,33,1
2,16,33,1
3,16,33,0
4,16,33,3
5,16,33,1
6,16,33,1
1,16,34,14
2,16,34,13
3,16,34,15
4,16,34,13
5,16,34,12
6,16,34,13
1,16,35,2
2,16,35,4
3,16,35,1
4,16,35,2
5,16,35,0
6,16,35,1
1,16,36,2
2,16,36,5
3,16,36,3
4,16,36,1
5,16,36,0
6,16,36,0
1,16,37,6
2,16,37,4
3,16,37,2
4,16,37,0
5,16,37,0
6,16,37,1
1,16,38,3
2,16,38,3
3,16,38,3
4,16,38,1
5,16,38,2
6,16,38,2
1,16,39,2
2,16,39,3
3,16,39,2
4,16,39,3
5,16,39,1
6,16,39,2
1,16,40,4
2,16,40,6
3,16,40,6
4,16,40,8
5,16,40,5
6,16,40,3
1,17,1,7
2,17,1,4
3,17,1,7
4,17,1,4
5,17,1,5
6,17,1,2
1,17,2,1
2,17,2,0
3,17,2,1
4,17,2,1
5,17,2,2
6,17,2,0
1,17,3,1
2,17,3,4
3,17,3,2
4,17,3,4
5,17,3,5
6,17,3,2
1,17,4,0
2,17,4,0
3,17,4,0
4,17,4,0
5,17,4,1
6,17,4,0
1,17,5,6
2,17,5,5
3,17,5,2
4,17,5,0
5,17,5,1
6,17,5,0
1,17,6,8
2,17,6,6
3,17,6,7
4,17,6,7
5,17,6,6
6,17,6,4
1,17,7,2
2,17,7,3
3,17,7,0
4,17,7,1
5,17,7,3
6,17,7,0
1,17,8,3
2,17,8,0
3,17,8,0
4,17,8,0
5,17,8,0
6,17,8,0
1,17,9,13
2,17,9,14
3,17,9,16
4,17,9,17
5,17,9,14
6,17,9,11
1,17,10,1
2,17,10,2
3,17,10,1
4,17,10,2
5,17,10,2
6,17,10,1
1,17,11,8
2,17,11,6
3,17,11,3
4,17,11,3
5,17,11,2
6,17,11,3
1,17,12,6
2,17,12,4
3,17,12,5
4,17,12,5
5,17,12,4
6,17,12,3
1,17,13,6
2,17,13,6
3,17,13,6
4,17,13,3
5,17,13,4
6,17,13,1
1,17,14,0
2,17,14,0
3,17,14,0
4,17,14,2
5,17,14,1
6,17,14,2
1,17,15,3
2,17,15,0
3,17,15,1
4,17,15,2
5,17,15,0
6,17,15,1
1,17,16,16
2,17,16,15
3,17,16,14
4,17,16,12
5,17,16,13
6,17,16,10
1,17,18,3
2,17,18,3
3,17,18,2
4,17,18,4
5,17,18,6
6,17,18,4
1,17,19,1
2,17,19,3
3,17,19,3
4,17,19,2
5,17,19,2
6,17,19,3
1,17,20,3
2,17,20,4
3,17,20,2
4,17,20,0
5,17,20,1
6,17,20,2
1,17,21,10
2,17,21,11
3,17,21,9
4,17,21,8
5,17,21,5
6,17,21,3
1,17,22,3
2,17,22,1
3,17,22,0
4,17,22,0
5,17,22,2
6,17,22,1
1,17,23,3
2,17,23,4
3,17,23,2
4,17,23,1
5,17,23,0
6,17,23,0
1,17,24,2
2,17,24,4
3,17,24,4
4,17,24,4
5,17,24,1
6,17,24,2
1,17,25,12
2,17,25,11
3,17,25,10
4,17,25,7
5,17,25,4
6,17,25,2
1,17,26,0
2,17,26,1
3,17,26,1
4,17,26,2
5,17,26,2
6,17,26,3
1,17,27,1
2,17,27,1
3,17,27,1
4,17,27,2
5,17,27,0
6,17,27,3
1,17,28,1
2,17,28,2
3,17,28,0
4,17,28,0
5,17,28,1
6,17,28,0
1,17,29,0
2,17,29,1
3,17,29,0
4,17,29,0
5,17,29,0
6,17,29,0
1,17,30,3
2,17,30,0
3,17,30,0
4,17,30,1
5,17,30,0
6,17,30,1
1,17,31,1
2,17,31,4
3,17,31,2
4,17,31,0
5,17,31,0
6,17,31,2
1,17,32,3
2,17,32,0
3,17,32,3
4,17,32,0
5,17,32,0
6,17,32,2
1,17,33,1
2,17,33,2
3,17,33,3
4,17,33,2
5,17,33,2
6,17,33,2
1,17,34,1
2,17,34,0
3,17,34,3
4,17,34,3
5,17,34,0
6,17,34,0
1,17,35,7
2,17,35,4
3,17,35,3
4,17,35,1
5,17,35,0
6,17,35,0
1,17,36,3
2,17,36,5
3,17,36,6
4,17,36,9
5,17,36,9
6,17,36,6
1,17,37,8
2,17,37,10
3,17,37,9
4,17,37,8
5,17,37,5
6,17,37,5
1,17,38,2
2,17,38,0
3,17,38,0
4,17,38,2
5,17,38,4
6,17,38,5
1,17,39,4
2,17,39,1
3,17,39,0
4,17,39,0
5,17,39,0
6,17,39,0
1,17,40,2
2,17,40,5
3,17,40,7
4,17,40,5
5,17,40,3
6,17,40,2
1,18,1,1
2,18,1,4
3,18,1,4
4,18,1,4
5,18,1,1
6,18,1,1
1,18,2,0
2,18,2,2
3,18,2,0
4,18,2,1
5,18,2,0
6,18,2,0
1,18,3,1
2,18,3,1
3,18,3,2
4,18,3,0
5,18,3,1
6,18,3,0
1,18,4,5
2,18,4,2
3,18,4,1
4,18,4,1
5,18,4,1
6,18,4,3
1,18,5,7
2,18,5,4
3,18,5,1
4,18,5,1
5,18,5,0
6,18,5,0
1,18,6,1
2,18,6,2
3,18,6,1
4,18,6,2
5,18,6,4
6,18,6,6
1,18,7,2
2,18,7,2
3,18,7,0
4,18,7,0
5,18,7,0
6,18,7,1
1,18,8,7
2,18,8,4
3,18,8,3
4,18,8,4
5,18,8,2
6,18,8,3
1,18,9,1
2,18,9,2
3,18,9,1
4,18,9,1
5,18,9,0
6,18,9,3
1,18,10,4
2,18,10,4
3,18,10,2
4,18,10,0
5,18,10,0
6,18,10,0
1,18,11,2
2,18,11,0
3,18,11,0
4,18,11,2
5,18,11,0
6,18,11,0
1,18,12,1
2,18,12,1
3,18,12,4
4,18,12,4
5,18,12,2
6,18,12,2
1,18,13,6
2,18,13,3
3,18,13,0
4,18,13,1
5,18,13,3
6,18,13,0
1,18,14,6
2,18,14,4
3,18,14,4
4,18,14,1
5,18,14,2
6,18,14,4
1,18,15,13
2,18,15,10
3,18,15,9
4,18,15,10
5,18,15,7
6,18,15,9
1,18,16,11
2,18,16,8
3,18,16,5
4,18,16,2
5,18,16,0
6,18,16,2
1,18,17,3
2,18,17,3
3,18,17,2
4,18,17,4
5,18,17,6
6,18,17,4
1,18,19,0
2,18,19,1
3,18,19,1
4,18,19,2
5,18,19,4
6,18,19,2
1,18,20,5
2,18,20,6
3,18,20,7
4,18,20,9
5,18,20,9
6,18,20,9
1,18,21,17
2,18,21,15
3,18,21,13
4,18,21,11
5,18,21,11
6,18,21,10
1,18,22,5
2,18,22,7
3,18,22,4
4,18,22,3
5,18,22,0
6,18,22,0
1,18,23,3
2,18,23,0
3,18,23,1
4,18,23,2
5,18,23,1
6,18,23,0
1,18,24,9
2,18,24,7
3,18,24,5
4,18,24,5
5,18,24,2
6,18,24,0
1,18,25,11
2,18,25,10
3,18,25,8
4,18,25,5
5,18,25,7
6,18,25,4
1,18,26,0
2,18,26,2
3,18,26,3
4,18,26,0
5,18,26,2
6,18,26,0
1,18,27,6
2,18,27,6
3,18,27,4
4,18,27,1
5,18,27,0
6,18,27,2
1,18,28,0
2,18,28,2
3,18,28,2
4,18,28,3
5,18,28,1
6,18,28,1
1,18,29,13
2,18,29,10
3,18,29,10
4,18,29,9
5,18,29,10
6,18,29,12
1,18,30,1
2,18,30,3
3,18,30,1
4,18,30,0
5,18,30,2
6,18,30,2
1,18,31,2
2,18,31,0
3,18,31,1
4,18,31,0
5,18,31,1
6,18,31,0
1,18,32,9
2,18,32,6
3,18,32,4
4,18,32,6
5,18,32,4
6,18,32,3
1,18,33,4
2,18,33,4
3,18,33,4
4,18,33,2
5,18,33,4
6,18,33,3
1,18,34,4
2,18,34,4
3,18,34,6
4,18,34,4
5,18,34,5
6,18,34,6
1,18,35,2
2,18,35,2
3,18,35,1
4,18,35,0
5,18,35,0
6,18,35,0
1,18,36,6
2,18,36,3
3,18,36,1
4,18,36,3
5,18,36,1
6,18,36,2
1,18,37,0
2,18,37,0
3,18,37,1
4,18,37,0
5,18,37,3
6,18,37,0
1,18,38,2
2,18,38,3
3,18,38,1
4,18,38,2
5,18,38,3
6,18,38,1
1,18,39,0
2,18,39,2
3,18,39,3
4,18,39,3
5,18,39,1
6,18,39,3
1,18,40,16
2,18,40,15
3,18,40,14
4,18,40,17
5,18,40,18
6,18,40,18
1,19,1,9
2,19,1,6
3,19,1,8
4,19,1,6
5,19,1,3
6,19,1,1
1,19,2,14
2,19,2,14
3,19,2,12
4,19,2,11
5,19,2,12
6,19,2,12
1,19,3,13
2,19,3,11
3,19,3,10
4,19,3,7
5,19,3,6
6,19,3,7
1,19,4,10
2,19,4,9
3,19,4,6
4,19,4,4
5,19,4,4
6,19,4,1
1,19,5,9
2,19,5,6
3,19,5,5
4,19,5,2
5,19,5,2
6,19,5,2
1,19,6,3
2,19,6,0
3,19,6,0
4,19,6,0
5,19,6,1
6,19,6,3
1,19,7,5
2,19,7,2
3,19,7,3
4,19,7,0
5,19,7,2
6,19,7,0
1,19,8,0
2,19,8,3
3,19,8,2
4,19,8,3
5,19,8,2
6,19,8,1
1,19,9,8
2,19,9,9
3,19,9,6
4,19,9,4
5,19,9,1
6,19,9,2
1,19,10,0
2,19,10,0
3,19,10,0
4,19,10,0
5,19,10,3
6,19,10,5
1,19,11,7
2,19,11,10
3,19,11,7
4,19,11,8
5,19,11,7
6,19,11,6
1,19,12,0
2,19,12,2
3,19,12,1
4,19,12,3
5,19,12,5
6,19,12,3
1,19,13,16
2,19,13,18
3,19,13,15
4,19,13,12
5,19,13,12
6,19,13,9
1,19,14,0
2,19,14,2
3,19,14,2
4,19,14,0
5,19,14,3
6,19,14,4
1,19,15,2
2,19,15,3
3,19,15,0
4,19,15,0
5,19,15,0
6,19,15,1
1,19,16,3
2,19,16,0
3,19,16,0
4,19,16,0
5,19,16,2
6,19,16,0
1,19,17,1
2,19,17,3
3,19,17,3
4,19,17,2
5,19,17,2
6,19,17,3
1,19,18,0
2,19,18,1
3,19,18,1
4,19,18,2
5,19,18,4
6,19,18,2
1,19,20,5
2,19,20,5
3,19,20,3
4,19,20,4
5,19,20,1
6,19,20,2
1,19,21,1
2,19,21,4
3,19,21,3
4,19,21,3
5,19,21,1
6,19,21,0
1,19,22,7
2,19,22,8
3,19,22,5
4,19,22,5
5,19,22,3
6,19,22,2
1,19,23,7
2,19,23,9
3,19,23,7
4,19,23,6
5,19,23,3
6,19,23,1
1,19,24,5
2,19,24,2
3,19,24,5
4,19,24,4
5,19,24,2
6,19,24,0
1,19,25,15
2,19,25,12
3,19,25,9
4,19,25,6
5,19,25,4
6,19,25,2
1,19,26,5
2,19,26,5
3,19,26,2
4,19,26,2
5,19,26,1
6,19,26,1
1,19,27,17
2,19,27,14
3,19,27,14
4,19,27,15
5,19,27,13
6,19,27,13
1,19,28,7
2,19,28,4
3,19,28,1
4,19,28,1
5,19,28,1
6,19,28,0
1,19,29,3
2,19,29,2
3,19,29,0
4,19,29,2
5,19,29,1
6,19,29,1
1,19,30,4
2,19,30,3
3,19,30,1
4,19,30,2
5,19,30,3
6,19,30,0
1,19,31,7
2,19,31,4
3,19,31,4
4,19,31,1
5,19,31,0
6,19,31,0
1,19,32,3
2,19,32,3
3,19,32,2
4,19,32,3
5,19,32,0
6,19,32,3
1,19,33,2
2,19,33,4
3,19,33,2
4,19,33,1
5,19,33,1
6,19,33,0
1,19,34,3
2,19,34,3
3,19,34,0
4,19,34,0
5,19,34,2
6,19,34,0
1,19,35,3
2,19,35,2
3,19,35,1
4,19,35,0
5,19,35,2
6,19,35,1
1,19,36,3
2,19,36,4
3,19,36,5
4,19,36,7
5,19,36,7
6,19,36,4
1,19,37,8
2,19,37,5
3,19,37,2
4,19,37,0
5,19,37,1
6,19,37,3
1,19,38,7
2,19,38,6
3,19,38,3
4,19,38,5
5,19,38,4
6,19,38,3
1,19,39,1
2,19,39,1
3,19,39,1
4,19,39,2
5,19,39,0
6,19,39,0
1,19,40,7
2,19,40,4
3,19,40,2
4,19,40,2
5,19,40,2
6,19,40,1
1,20,1,0
2,20,1,1
3,20,1,4
4,20,1,2
5,20,1,0
6,20,1,0
1,20,2,8
2,20,2,5
3,20,2,6
4,20,2,7
5,20,2,5
6,20,2,4
1,20,3,8
2,20,3,7
3,20,3,5
4,20,3,3
5,20,3,1
6,20,3,0
1,20,4,5
2,20,4,3
3,20,4,2
4,20,4,2
5,20,4,5
6,20,4,4
1,20,5,3
2,20,5,5
3,20,5,2
4,20,5,2
5,20,5,0
6,20,5,2
1,20,6,8
2,20,6,7
3,20,6,6
4,20,6,3
5,20,6,3
6,20,6,1
1,20,7,11
2,20,7,9
3,20,7,8
4,20,7,7
5,20,7,4
6,20,7,3
1,20,8,0
2,20,8,0
3,20,8,1
4,20,8,0
5,20,8,3
6,20,8,2
1,20,9,4
2,20,9,1
3,20,9,0
4,20,9,0
5,20,9,0
6,20,9,0
1,20,10,1
2,20,10,1
3,20,10,0
4,20,10,1
5,20,10,0
6,20,10,0
1,20,11,3
2,20,11,0
3,20,11,3
4,20,11,3
5,20,11,0
6,20,11,0
1,20,12,2
2,20,12,2
3,20,12,3
4,20,12,0
5,20,12,3
6,20,12,3
1,20,13,2
2,20,13,5
3,20,13,6
4,20,13,3
5,20,13,0
6,20,13,1
1,20,14,1
2,20,14,1
3,20,14,1
4,20,14,3
5,20,14,3
6,20,14,2
1,20,15,3
2,20,15,1
3,20,15,2
4,20,15,2
5,20,15,2
6,20,15,1
1,20,16,11
2,20,16,13
3,20,16,10
4,20,16,7
5,20,16,6
6,20,16,6
1,20,17,3
2,20,17,4
3,20,17,2
4,20,17,0
5,20,17,1
6,20,17,2
1,20,18,5
2,20,18,6
3,20,18,7
4,20,18,9
5,20,18,9
6,20,18,9
1,20,19,5
2,20,19,5
3,20,19,3
4,20,19,4
5,20,19,1
6,20,19,2
1,20,21,0
2,20,21,2
3,20,21,0
4,20,21,1
5,20,21,0
6,20,21,0
1,20,22,1
2,20,22,0
3,20,22,1
4,20,22,1
5,20,22,0
6,20,22,3
1,20,23,0
2,20,23,0
3,20,23,2
4,20,23,1
5,20,23,2
6,20,23,0
1,20,24,7
2,20,24,5
3,20,24,6
4,20,24,4
5,20,24,4
6,20,24,1
1,20,25,2
2,20,25,0
3,20,25,0
4,20,25,2
5,20,25,0
6,20,25,0
1,20,26,13
2,20,26,11
3,20,26,11
4,20,26,10
5,20,26,10
6,20,26,7
1,20,27,0
2,20,27,1
3,20,27,2
4,20,27,2
5,20,27,0
6,20,27,0
1,20,28,12
2,20,28,12
3,20,28,11
4,20,28,9
5,20,28,9
6,20,28,9
1,20,29,10
2,20,29,8
3,20,29,6
4,20,29,6
5,20,29,7
6,20,29,7
1,20,30,17
2,20,30,15
3,20,30,12
4,20,30,10
5,20,30,7
6,20,30,4
1,20,31,6
2,20,31,8
3,20,31,5
4,20,31,2
5,20,31,1
6,20,31,3
1,20,32,1
2,20,32,1
3,20,32,0
4,20,32,2
5,20,32,0
6,20,32,0
1,20,33,3
2,20,33,3
3,20,33,0
4,20,33,1
5,20,33,0
6,20,33,0
1,20,34,12
2,20,34,10
3,20,34,7
4,20,34,5
5,20,34,4
6,20,34,1
1,20,35,1
2,20,35,3
3,20,35,2
4,20,35,0
5,20,35,0
6,20,35,2
1,20,36,4
2,20,36,2
3,20,36,3
4,20,36,3
5,20,36,3
6,20,36,3
1,20,37,1
2,20,37,1
3,20,37,0
4,20,37,0
5,20,37,0
6,20,37,0
1,20,38,7
2,20,38,6
3,20,38,5
4,20,38,3
5,20,38,1
6,20,38,1
1,20,39,1
2,20,39,3
3,20,39,3
4,20,39,0
5,20,39,2
6,20,39,1
1,20,40,4
2,20,40,3
3,20,40,4
4,20,40,5
5,20,40,5
6,20,40,5
1,21,1,0
2,21,1,0
3,21,1,1
4,21,1,2
5,21,1,1
6,21,1,1
1,21,2,8
2,21,2,6
3,21,2,5
4,21,2,2
5,21,2,3
6,21,2,5
1,21,3,7
2,21,3,9
3,21,3,12
4,21,3,9
5,21,3,6
6,21,3,4
1,21,4,12
2,21,4,14
3,21,4,14
4,21,4,13
5,21,4,14
6,21,4,15
1,21,5,4
2,21,5,3
3,21,5,4
4,21,5,4
5,21,5,1
6,21,5,2
1,21,6,4
2,21,6,3
3,21,6,3
4,21,6,5
5,21,6,6
6,21,6,3
1,21,7,9
2,21,7,8
3,21,7,7
4,21,7,6
5,21,7,5
6,21,7,5
1,21,8,10
2,21,8,9
3,21,8,7
4,21,8,5
5,21,8,2
6,21,8,4
1,21,9,3
2,21,9,2
3,21,9,0
4,21,9,1
5,21,9,0
6,21,9,3
1,21,10,8
2,21,10,5
3,21,10,2
4,21,10,2
5,21,10,4
6,21,10,6
1,21,11,4
2,21,11,2
3,21,11,4
4,21,11,2
5,21,11,0
6,21,11,0
1,21,12,1
2,21,12,1
3,21,12,1
4,21,12,4
5,21,12,5
6,21,12,6
1,21,13,0
2,21,13,1
3,21,13,3
4,21,13,1
5,21,13,1
6,21,13,4
1,21,14,6
2,21,14,3
3,21,14,2
4,21,14,4
5,21,14,1
6,21,14,3
1,21,15,13
2,21,15,10
3,21,15,11
4,21,15,8
5,21,15,8
6,21,15,5
1,21,16,5
2,21,16,2
3,21,16,0
4,21,16,2
5,21,16,1
6,21,16,2
1,21,17,10
2,21,17,11
3,21,17,9
4,21,17,8
5,21,17,5
6,21,17,3
1,21,18,17
2,21,18,15
3,21,18,13
4,21,18,11
5,21,18,11
6,21,18,10
1,21,19,1
2,21,19,4
3,21,19,3
4,21,19,3
5,21,19,1
6,21,19,0
1,21,20,0
2,21,20,2
3,21,20,0
4,21,20,1
5,21,20,0
6,21,20,0
1,21,22,5
2,21,22,2
3,21,22,4
4,21,22,1
5,21,22,3
6,21,22,0
1,21,23,2
2,21,23,1
3,21,23,0
4,21,23,1
5,21,23,1
6,21,23,2
1,21,24,5
2,21,24,3
3,21,24,1
4,21,24,1
5,21,24,2
6,21,24,0
1,21,25,1
2,21,25,1
3,21,25,0
4,21,25,0
5,21,25,1
6,21,25,3
1,21,26,10
2,21,26,10
3,21,26,12
4,21,26,11
5,21,26,11
6,21,26,11
1,21,27,8
2,21,27,9
3,21,27,6
4,21,27,5
5,21,27,5
6,21,27,6
1,21,28,0
2,21,28,0
3,21,28,1
4,21,28,3
5,21,28,0
6,21,28,1
1,21,29,11
2,21,29,8
3,21,29,8
4,21,29,6
5,21,29,5
6,21,29,4
1,21,30,3
2,21,30,4
3,21,30,4
4,21,30,3
5,21,30,2
6,21,30,0
1,21,31,4
2,21,31,2
3,21,31,0
4,21,31,0
5,21,31,1
6,21,31,1
1,21,32,6
2,21,32,4
3,21,32,5
4,21,32,6
5,21,32,8
6,21,32,5
1,21,33,15
2,21,33,13
3,21,33,15
4,21,33,12
5,21,33,10
6,21,33,13
1,21,34,2
2,21,34,3
3,21,34,3
4,21,34,0
5,21,34,0
6,21,34,2
1,21,35,2
2,21,35,2
3,21,35,0
4,21,35,2
5,21,35,1
6,21,35,1
1,21,36,2
2,21,36,1
3,21,36,1
4,21,36,1
5,21,36,0
6,21,36,0
1,21,37,2
2,21,37,1
3,21,37,0
4,21,37,0
5,21,37,0
6,21,37,0
1,21,38,8
2,21,38,7
3,21,38,4
4,21,38,1
5,21,38,0
6,21,38,1
1,21,39,7
2,21,39,6
3,21,39,9
4,21,39,10
5,21,39,9
6,21,39,7
1,21,40,5
2,21,40,7
3,21,40,4
4,21,40,1
5,21,40,3
6,21,40,2
1,22,1,6
2,22,1,7
3,22,1,5
4,22,1,7
5,22,1,6
6,22,1,3
1,22,2,7
2,22,2,8
3,22,2,7
4,22,2,7
5,22,2,6
6,22,2,8
1,22,3,3
2,22,3,4
3,22,3,3
4,22,3,3
5,22,3,1
6,22,3,1
1,22,4,7
2,22,4,6
3,22,4,4
4,22,4,1
5,22,4,2
6,22,4,0
1,22,5,2
2,22,5,5
3,22,5,3
4,22,5,2
5,22,5,0
6,22,5,1
1,22,6,1
2,22,6,1
3,22,6,0
4,22,6,1
5,22,6,1
6,22,6,2
1,22,7,3
2,22,7,3
3,22,7,1
4,22,7,0
5,22,7,0
6,22,7,1
1,22,8,6
2,22,8,3
3,22,8,5
4,22,8,4
5,22,8,2
6,22,8,2
1,22,9,3
2,22,9,2
3,22,9,2
4,22,9,0
5,22,9,1
6,22,9,3
1,22,10,1
2,22,10,1
3,22,10,1
4,22,10,1
5,22,10,2
6,22,10,1
1,22,11,17
2,22,11,17
3,22,11,14
4,22,11,14
5,22,11,12
6,22,11,10
1,22,12,4
2,22,12,4
3,22,12,1
4,22,12,2
5,22,12,3
6,22,12,3
1,22,13,11
2,22,13,9
3,22,13,7
4,22,13,7
5,22,13,9
6,22,13,9
1,22,14,2
2,22,14,2
3,22,14,3
4,22,14,0
5,22,14,2
6,22,14,0
1,22,15,1
2,22,15,0
3,22,15,1
4,22,15,0
5,22,15,2
6,22,15,2
1,22,16,3
2,22,16,4
3,22,16,6
4,22,16,4
5,22,16,2
6,22,16,4
1,22,17,3
2,22,17,1
3,22,17,0
4,22,17,0
5,22,17,2
6,22,17,1
1,22,18,5
2,22,18,7
3,22,18,4
4,22,18,3
5,22,18,0
6,22,18,0
1,22,19,7
2,22,19,8
3,22,19,5
4,22,19,5
5,22,19,3
6,22,19,2
1,22,20,1
2,22,20,0
3,22,20,1
4,22,20,1
5,22,20,0
6,22,20,3
1,22,21,5
2,22,21,2
3,22,21,4
4,22,21,1
5,22,21,3
6,22,21,0
1,22,23,7
2,22,23,4
3,22,23,1
4,22,23,1
5,22,23,3
6,22,23,2
1,22,24,2
2,22,24,0
3,22,24,1
4,22,24,1
5,22,24,1
6,22,24,2
1,22,25,2
2,22,25,0
3,22,25,0
4,22,25,0
5,22,25,0
6,22,25,0
1,22,26,8
2,22,26,6
3,22,26,4
4,22,26,1
5,22,26,0
6,22,26,3
1,22,27,8
2,22,27,10
3,22,27,10
4,22,27,10
5,22,27,7
6,22,27,4
1,22,28,11
2,22,28,8
3,22,28,6
4,22,28,7
5,22,28,7
6,22,28,5
1,22,29,7
2,22,29,8
3,22,29,5
4,22,29,2
5,22,29,4
6,22,29,2
1,22,30,4
2,22,30,4
3,22,30,6
4,22,30,6
5,22,30,6
6,22,30,6
1,22,31,0
2,22,31,0
3,22,31,0
4,22,31,1
5,22,31,2
6,22,31,2
1,22,32,0
2,22,32,2
3,22,32,0
4,22,32,0
5,22,32,2
6,22,32,4
1,22,33,1
2,22,33,0
3,22,33,2
4,22,33,2
5,22,33,3
6,22,33,4
1,22,34,17
2,22,34,15
3,22,34,12
4,22,34,9
5,22,34,6
6,22,34,3
1,22,35,1
2,22,35,1
3,22,35,1
4,22,35,0
5,22,35,2
6,22,35,3
1,22,36,1
2,22,36,0
3,22,36,1
4,22,36,2
5,22,36,0
6,22,36,1
1,22,37,7
2,22,37,8
3,22,37,8
4,22,37,8
5,22,37,7
6,22,37,8
1,22,38,9
2,22,38,6
3,22,38,6
4,22,38,6
5,22,38,6
6,22,38,5
1,22,39,4
2,22,39,3
3,22,39,4
4,22,39,5
5,22,39,7
6,22,39,8
1,22,40,5
2,22,40,2
3,22,40,0
4,22,40,2
5,22,40,3
6,22,40,3
1,23,1,12
2,23,1,9
3,23,1,8
4,23,1,11
5,23,1,11
6,23,1,9
1,23,2,2
2,23,2,4
3,23,2,3
4,23,2,3
5,23,2,3
6,23,2,2
1,23,3,1
2,23,3,1
3,23,3,0
4,23,3,1
5,23,3,1
6,23,3,1
1,23,4,3
2,23,4,4
3,23,4,2
4,23,4,3
5,23,4,5
6,23,4,2
1,23,5,10
2,23,5,12
3,23,5,11
4,23,5,12
5,23,5,10
6,23,5,10
1,23,6,2
2,23,6,0
3,23,6,0
4,23,6,2
5,23,6,2
6,23,6,2
1,23,7,4
2,23,7,3
3,23,7,0
4,23,7,0
5,23,7,3
6,23,7,3
1,23,8,1
2,23,8,1
3,23,8,1
4,23,8,0
5,23,8,0
6,23,8,2
1,23,9,7
2,23,9,5
3,23,9,4
4,23,9,4
5,23,9,1
6,23,9,0
1,23,10,3
2,23,10,0
3,23,10,1
4,23,10,1
5,23,10,0
6,23,10,0
1,23,11,15
2,23,11,17
3,23,11,14
4,23,11,11
5,23,11,11
6,23,11,9
1,23,12,8
2,23,12,8
3,23,12,7
4,23,12,6
5,23,12,4
6,23,12,5
1,23,13,0
2,23,13,0
3,23,13,0
4,23,13,2
5,23,13,0
6,23,13,2
1,23,14,2
2,23,14,0
3,23,14,0
4,23,14,0
5,23,14,2
6,23,14,0
1,23,15,1
2,23,15,0
3,23,15,1
4,23,15,0
5,23,15,2
6,23,15,2
1,23,16,9
2,23,16,10
3,23,16,7
4,23,16,4
5,23,16,3
6,23,16,0
1,23,17,3
2,23,17,4
3,23,17,2
4,23,17,1
5,23,17,0
6,23,17,0
1,23,18,3
2,23,18,0
3,23,18,1
4,23,18,2
5,23,18,1
6,23,18,0
1,23,19,7
2,23,19,9
3,23,19,7
4,23,19,6
5,23,19,3
6,23,19,1
1,23,20,0
2,23,20,0
3,23,20,2
4,23,20,1
5,23,20,2
6,23,20,0
1,23,21,2
2,23,21,1
3,23,21,0
4,23,21,1
5,23,21,1
6,23,21,2
1,23,22,7
2,23,22,4
3,23,22,1
4,23,22,1
5,23,22,3
6,23,22,2
1,23,24,0
2,23,24,2
3,23,24,1
4,23,24,0
5,23,24,2
6,23,24,0
1,23,25,9
2,23,25,8
3,23,25,5
4,23,25,3
5,23,25,2
6,23,25,1
1,23,26,10
2,23,26,13
3,23,26,10
4,23,26,9
5,23,26,10
6,23,26,9
1,23,27,3
2,23,27,4
3,23,27,5
4,23,27,5
5,23,27,4
6,23,27,6
1,23,28,13
2,23,28,14
3,23,28,12
4,23,28,10
5,23,28,10
6,23,28,10
1,23,29,3
2,23,29,0
3,23,29,1
4,23,29,2
5,23,29,1
6,23,29,1
1,23,30,3
2,23,30,5
3,23,30,3
4,23,30,0
5,23,30,1
6,23,30,0
1,23,31,11
2,23,31,12
3,23,31,10
4,23,31,7
5,23,31,5
6,23,31,5
1,23,32,7
2,23,32,4
3,23,32,2
4,23,32,4
5,23,32,3
6,23,32,4
1,23,33,0
2,23,33,1
3,23,33,1
4,23,33,3
5,23,33,1
6,23,33,2
1,23,34,0
2,23,34,1
3,23,34,3
4,23,34,2
5,23,34,2
6,23,34,3
1,23,35,2
2,23,35,1
3,23,35,1
4,23,35,1
5,23,35,0
6,23,35,0
1,23,36,3
2,23,36,1
3,23,36,1
4,23,36,0
5,23,36,1
6,23,36,1
1,23,37,4
2,23,37,1
3,23,37,2
4,23,37,0
5,23,37,1
6,23,37,4
1,23,38,1
2,23,38,1
3,23,38,4
4,23,38,1
5,23,38,0
6,23,38,0
1,23,39,1
2,23,39,2
3,23,39,3
4,23,39,4
5,23,39,1
6,23,39,2
1,23,40,0
2,23,40,2
3,23,40,1
4,23,40,1
5,23,40,0
6,23,40,2
1,24,1,8
2,24,1,6
3,24,1,4
4,24,1,2
5,24,1,0
6,24,1,3
1,24,2,7
2,24,2,8
3,24,2,5
4,24,2,3
5,24,2,6
6,24,2,4
1,24,3,1
2,24,3,1
3,24,3,4
4,24,3,1
5,24,3,4
6,24,3,2
1,24,4,12
2,24,4,10
3,24,4,9
4,24,4,6
5,24,4,5
6,24,4,4
1,24,5,11
2,24,5,10
3,24,5,9
4,24,5,9
5,24,5,7
6,24,5,5
1,24,6,0
2,24,6,0
3,24,6,0
4,24,6,0
5,24,6,2
6,24,6,5
1,24,7,4
2,24,7,1
3,24,7,2
4,24,7,2
5,24,7,0
6,24,7,1
1,24,8,17
2,24,8,16
3,24,8,14
4,24,8,12
5,24,8,13
6,24,8,11
1,24,9,17
2,24,9,17
3,24,9,17
4,24,9,17
5,24,9,15
6,24,9,14
1,24,10,11
2,24,10,8
3,24,10,7
4,24,10,5
5,24,10,4
6,24,10,3
1,24,11,0
2,24,11,0
3,24,11,0
4,24,11,1
5,24,11,1
6,24,11,0
1,24,12,14
2,24,12,14
3,24,12,12
4,24,12,9
5,24,12,12
6,24,12,11
1,24,13,14
2,24,13,13
3,24,13,11
4,24,13,10
5,24,13,8
6,24,13,5
1,24,14,1
2,24,14,0
3,24,14,1
4,24,14,0
5,24,14,0
6,24,14,0
1,24,15,6
2,24,15,3
3,24,15,3
4,24,15,2
5,24,15,2
6,24,15,1
1,24,16,4
2,24,16,1
3,24,16,2
4,24,16,0
5,24,16,1
6,24,16,2
1,24,17,2
2,24,17,4
3,24,17,4
4,24,17,4
5,24,17,1
6,24,17,2
1,24,18,9
2,24,18,7
3,24,18,5
4,24,18,5
5,24,18,2
6,24,18,0
1,24,19,5
2,24,19,2
3,24,19,5
4,24,19,4
5,24,19,2
6,24,19,0
1,24,20,7
2,24,20,5
3,24,20,6
4,24,20,4
5,24,20,4
6,24,20,1
1,24,21,5
2,24,21,3
3,24,21,1
4,24,21,1
5,24,21,2
6,24,21,0
1,24,22,2
2,24,22,0
3,24,22,1
4,24,22,1
5,24,22,1
6,24,22,2
1,24,23,0
2,24,23,2
3,24,23,1
4,24,23,0
5,24,23,2
6,24,23,0
1,24,25,1
2,24,25,0
3,24,25,0
4,24,25,1
5,24,25,1
6,24,25,2
1,24,26,0
2,24,26,0
3,24,26,0
4,24,26,0
5,24,26,0
6,24,26,0
1,24,27,12
2,24,27,9
3,24,27,8
4,24,27,6
5,24,27,5
6,24,27,3
1,24,28,1
2,24,28,1
3,24,28,0
4,24,28,2
5,24,28,3
6,24,28,1
1,24,29,11
2,24,29,8
3,24,29,6
4,24,29,3
5,24,29,2
6,24,29,1
1,24,30,7
2,24,30,4
3,24,30,1
4,24,30,0
5,24,30,1
6,24,30,4
1,24,31,13
2,24,31,15
3,24,31,12
4,24,31,9
5,24,31,6
6,24,31,6
1,24,32,3
2,24,32,0
3,24,32,2
4,24,32,1
5,24,32,0
6,24,32,2
1,24,33,0
2,24,33,1
3,24,33,0
4,24,33,0
5,24,33,2
6,24,33,3
1,24,34,11
2,24,34,9
3,24,34,9
4,24,34,11
5,24,34,9
6,24,34,6
1,24,35,0
2,24,35,0
3,24,35,1
4,24,35,0
5,24,35,0
6,24,35,0
1,24,36,4
2,24,36,2
3,24,36,1
4,24,36,2
5,24,36,3
6,24,36,0
1,24,37,10
2,24,37,8
3,24,37,7
4,24,37,6
5,24,37,5
6,24,37,2
1,24,38,11
2,24,38,8
3,24,38,10
4,24,38,8
5,24,38,8
6,24,38,5
1,24,39,3
2,24,39,1
3,24,39,0
4,24,39,0
5,24,39,2
6,24,39,1
1,24,40,0
2,24,40,0
3,24,40,0
4,24,40,1
5,24,40,1
6,24,40,0
1,25,1,6
2,25,1,4
3,25,1,2
4,25,1,4
5,25,1,3
6,25,1,1
1,25,2,0
2,25,2,2
3,25,2,2
4,25,2,0
5,25,2,0
6,25,2,1
1,25,3,5
2,25,3,2
3,25,3,2
4,25,3,2
5,25,3,0
6,25,3,2
1,25,4,7
2,25,4,4
3,25,4,4
4,25,4,5
5,25,4,3
6,25,4,0
1,25,5,3
2,25,5,1
3,25,5,1
4,25,5,2
5,25,5,1
6,25,5,2
1,25,6,1
2,25,6,1
3,25,6,3
4,25,6,3
5,25,6,2
6,25,6,1
1,25,7,5
2,25,7,3
3,25,7,5
4,25,7,3
5,25,7,2
6,25,7,2
1,25,8,6
2,25,8,4
3,25,8,1
4,25,8,0
5,25,8,0
6,25,8,0
1,25,9,7
2,25,9,4
3,25,9,4
4,25,9,4
5,25,9,5
6,25,9,4
1,25,10,5
2,25,10,4
3,25,10,1
4,25,10,1
5,25,10,3
6,25,10,0
1,25,11,0
2,25,11,0
3,25,11,1
4,25,11,0
5,25,11,0
6,25,11,2
1,25,12,7
2,25,12,4
3,25,12,4
4,25,12,2
5,25,12,1
6,25,12,0
1,25,13,11
2,25,13,9
3,25,13,9
4,25,13,8
5,25,13,7
6,25,13,7
1,25,14,14
2,25,14,12
3,25,14,10
4,25,14,9
5,25,14,6
6,25,14,7
1,25,15,1
2,25,15,3
3,25,15,2
4,25,15,4
5,25,15,3
6,25,15,4
1,25,16,11
2,25,16,8
3,25,16,5
4,25,16,5
5,25,16,5
6,25,16,4
1,25,17,12
2,25,17,11
3,25,17,10
4,25,17,7
5,25,17,4
6,25,17,2
1,25,18,11
2,25,18,10
3,25,18,8
4,25,18,5
5,25,18,7
6,25,18,4
1,25,19,15
2,25,19,12
3,25,19,9
4,25,19,6
5,25,19,4
6,25,19,2
1,25,20,2
2,25,20,0
3,25,20,0
4,25,20,2
5,25,20,0
6,25,20,0
1,25,21,1
2,25,21,1
3,25,21,0
4,25,21,0
5,25,21,1
6,25,21,3
1,25,22,2
2,25,22,0
3,25,22,0
4,25,22,0
5,25,22,0
6,25,22,0
1,25,23,9
2,25,23,8
3,25,23,5
4,25,23,3
5,25,23,2
6,25,23,1
1,25,24,1
2,25,24,0
3,25,24,0
4,25,24,1
5,25,24,1
6,25,24,2
1,25,26,5
2,25,26,7
3,25,26,4
4,25,26,4
5,25,26,2
6,25,26,3
1,25,27,2
2,25,27,1
3,25,27,0
4,25,27,1
5,25,27,0
6,25,27,2
1,25,28,4
2,25,28,3
3,25,28,3
4,25,28,1
5,25,28,0
6,25,28,0
1,25,29,1
2,25,29,0
3,25,29,2
4,25,29,3
5,25,29,1
6,25,29,2
1,25,30,5
2,25,30,3
3,25,30,2
4,25,30,1
5,25,30,0
6,25,30,0
1,25,31,2
2,25,31,0
3,25,31,0
4,25,31,1
5,25,31,0
6,25,31,2
1,25,32,9
2,25,32,11
3,25,32,8
4,25,32,9
5,25,32,9
6,25,32,6
1,25,33,4
2,25,33,4
3,25,33,2
4,25,33,0
5,25,33,0
6,25,33,1
1,25,34,9
2,25,34,12
3,25,34,12
4,25,34,10
5,25,34,8
6,25,34,7
1,25,35,4
2,25,35,5
3,25,35,5
4,25,35,3
5,25,35,5
6,25,35,4
1,25,36,0
2,25,36,2
3,25,36,0
4,25,36,2
5,25,36,2
6,25,36,0
1,25,37,2
2,25,37,3
3,25,37,3
4,25,37,0
5,25,37,0
6,25,37,0
1,25,38,9
2,25,38,7
3,25,38,4
4,25,38,5
5,25,38,2
6,25,38,2
1,25,39,1
2,25,39,0
3,25,39,1
4,25,39,1
5,25,39,1
6,25,39,0
1,25,40,7
2,25,40,4
3,25,40,1
4,25,40,0
5,25,40,1
6,25,40,1
1,26,1,7
2,26,1,6
3,26,1,3
4,26,1,1
5,26,1,3
6,26,1,6
1,26,2,9
2,26,2,6
3,26,2,7
4,26,2,9
5,26,2,7
6,26,2,4
1,26,3,0
2,26,3,0
3,26,3,0
4,26,3,2
5,26,3,1
6,26,3,1
1,26,4,2
2,26,4,0
3,26,4,1
4,26,4,2
5,26,4,2
6,26,4,0
1,26,5,0
2,26,5,1
3,26,5,1
4,26,5,1
5,26,5,1
6,26,5,2
1,26,6,6
2,26,6,6
3,26,6,6
4,26,6,3
5,26,6,2
6,26,6,0
1,26,7,3
2,26,7,2
3,26,7,0
4,26,7,1
5,26,7,2
6,26,7,2
1,26,8,11
2,26,8,10
3,26,8,10
4,26,8,7
5,26,8,8
6,26,8,6
1,26,9,7
2,26,9,4
3,26,9,4
4,26,9,2
5,26,9,2
6,26,9,1
1,26,10,8
2,26,10,7
3,26,10,7
4,26,10,7
5,26,10,5
6,26,10,3
1,26,11,0
2,26,11,0
3,26,11,0
4,26,11,0
5,26,11,0
6,26,11,2
1,26,12,9
2,26,12,9
3,26,12,8
4,26,12,7
5,26,12,9
6,26,12,7
1,26,13,1
2,26,13,3
3,26,13,0
4,26,13,1
5,26,13,4
6,26,13,3
1,26,14,5
2,26,14,7
3,26,14,6
4,26,14,4
5,26,14,2
6,26,14,0
1,26,15,5
2,26,15,4
3,26,15,4
4,26,15,1
5,26,15,0
6,26,15,2
1,26,16,6
2,26,16,5
3,26,16,2
4,26,16,3
5,26,16,2
6,26,16,0
1,26,17,0
2,26,17,1
3,26,17,1
4,26,17,2
5,26,17,2
6,26,17,3
1,26,18,0
2,26,18,2
3,26,18,3
4,26,18,0
5,26,18,2
6,26,18,0
1,26,19,5
2,26,19,5
3,26,19,2
4,26,19,2
5,26,19,1
6,26,19,1
1,26,20,13
2,26,20,11
3,26,20,11
4,26,20,10
5,26,20,10
6,26,20,7
1,26,21,10
2,26,21,10
3,26,21,12
4,26,21,11
5,26,21,11
6,26,21,11
1,26,22,8
2,26,22,6
3,26,22,4
4,26,22,1
5,26,22,0
6,26,22,3
1,26,23,10
2,26,23,13
3,26,23,10
4,26,23,9
5,26,23,10
6,26,23,9
1,26,24,0
2,26,24,0
3,26,24,0
4,26,24,0
5,26,24,0
6,26,24,0
1,26,25,5
2,26,25,7
3,26,25,4
4,26,25,4
5,26,25,2
6,26,25,3
1,26,27,5
2,26,27,6
3,26,27,6
4,26,27,6
5,26,27,5
6,26,27,3
1,26,28,2
2,26,28,2
3,26,28,2
4,26,28,0
5,26,28,0
6,26,28,2
1,26,29,6
2,26,29,6
3,26,29,8
4,26,29,5
5,26,29,5
6,26,29,4
1,26,30,8
2,26,30,6
3,26,30,4
4,26,30,2
5,26,30,0
6,26,30,2
1,26,31,17
2,26,31,14
3,26,31,13
4,26,31,11
5,26,31,12
6,26,31,13
1,26,32,12
2,26,32,9
3,26,32,7
4,26,32,7
5,26,32,5
6,26,32,6
1,26,33,0
2,26,33,0
3,26,33,1
4,26,33,2
5,26,33,2
6,26,33,0
1,26,34,7
2,26,34,6
3,26,34,3
4,26,34,3
5,26,34,1
6,26,34,1
1,26,35,2
2,26,35,4
3,26,35,2
4,26,35,0
5,26,35,1
6,26,35,1
1,26,36,2
2,26,36,0
3,26,36,0
4,26,36,1
5,26,36,0
6,26,36,0
1,26,37,7
2,26,37,9
3,26,37,8
4,26,37,5
5,26,37,3
6,26,37,3
1,26,38,3
2,26,38,0
3,26,38,1
4,26,38,1
5,26,38,0
6,26,38,3
1,26,39,11
2,26,39,13
3,26,39,11
4,26,39,12
5,26,39,9
6,26,39,7
1,26,40,2
2,26,40,2
3,26,40,3
4,26,40,3
5,26,40,1
6,26,40,1
1,27,1,10
2,27,1,10
3,27,1,7
4,27,1,5
5,27,1,2
6,27,1,0
1,27,2,5
2,27,2,2
3,27,2,0
4,27,2,0
5,27,2,1
6,27,2,1
1,27,3,11
2,27,3,8
3,27,3,6
4,27,3,3
5,27,3,0
6,27,3,1
1,27,4,4
2,27,4,1
3,27,4,1
4,27,4,1
5,27,4,0
6,27,4,1
1,27,5,4
2,27,5,4
3,27,5,2
4,27,5,3
5,27,5,5
6,27,5,4
1,27,6,15
2,27,6,14
3,27,6,13
4,27,6,10
5,27,6,9
6,27,6,7
1,27,7,8
2,27,7,6
3,27,7,4
4,27,7,1
5,27,7,0
6,27,7,1
1,27,8,4
2,27,8,1
3,27,8,3
4,27,8,1
5,27,8,3
6,27,8,2
1,27,9,2
2,27,9,3
3,27,9,0
4,27,9,0
5,27,9,1
6,27,9,1
1,27,10,0
2,27,10,0
3,27,10,1
4,27,10,0
5,27,10,0
6,27,10,1
1,27,11,1
2,27,11,1
3,27,11,2
4,27,11,5
5,27,11,3
6,27,11,2
1,27,12,4
2,27,12,4
3,27,12,5
4,27,12,6
5,27,12,3
6,27,12,6
1,27,13,6
2,27,13,6
3,27,13,3
4,27,13,5
5,27,13,5
6,27,13,3
1,27,14,13
2,27,14,13
3,27,14,11
4,27,14,12
5,27,14,13
6,27,14,13
1,27,15,9
2,27,15,9
3,27,15,7
4,27,15,4
5,27,15,5
6,27,15,2
1,27,16,1
2,27,16,1
3,27,16,1
4,27,16,1
5,27,16,1
6,27,16,1
1,27,17,1
2,27,17,1
3,27,17,1
4,27,17,2
5,27,17,0
6,27,17,3
1,27,18,6
2,27,18,6
3,27,18,4
4,27,18,1
5,27,18,0
6,27,18,2
1,27,19,17
2,27,19,14
3,27,19,14
4,27,19,15
5,27,19,13
6,27,19,13
1,27,20,0
2,27,20,1
3,27,20,2
4,27,20,2
5,27,20,0
6,27,20,0
1,27,21,8
2,27,21,9
3,27,21,6
4,27,21,5
5,27,21,5
6,27,21,6
1,27,22,8
2,27,22,10
3,27,22,10
4,27,22,10
5,27,22,7
6,27,22,4
1,27,23,3
2,27,23,4
3,27,23,5
4,27,23,5
5,27,23,4
6,27,23,6
1,27,24,12
2,27,24,9
3,27,24,8
4,27,24,6
5,27,24,5
6,27,24,3
1,27,25,2
2,27,25,1
3,27,25,0
4,27,25,1
5,27,25,0
6,27,25,2
1,27,26,5
2,27,26,6
3,27,26,6
4,27,26,6
5,27,26,5
6,27,26,3
1,27,28,5
2,27,28,3
3,27,28,0
4,27,28,1
5,27,28,4
6,27,28,3
1,27,29,2
2,27,29,1
3,27,29,2
4,27,29,3
5,27,29,4
6,27,29,2
1,27,30,3
2,27,30,0
3,27,30,1
4,27,30,1
5,27,30,2
6,27,30,2
1,27,31,6
2,27,31,7
3,27,31,5
4,27,31,4
5,27,31,5
6,27,31,2
1,27,32,1
2,27,32,0
3,27,32,1
4,27,32,0
5,27,32,0
6,27,32,0
1,27,33,10
2,27,33,9
3,27,33,6
4,27,33,3
5,27,33,3
6,27,33,4
1,27,34,2
2,27,34,1
3,27,34,0
4,27,34,0
5,27,34,1
6,27,34,3
1,27,35,5
2,27,35,2
3,27,35,0
4,27,35,1
5,27,35,2
6,27,35,1
1,27,36,15
2,27,36,14
3,27,36,11
4,27,36,13
5,27,36,13
6,27,36,12
1,27,37,15
2,27,37,17
3,27,37,14
4,27,37,12
5,27,37,9
6,27,37,9
1,27,38,2
2,27,38,1
3,27,38,1
4,27,38,2
5,27,38,0
6,27,38,2
1,27,39,0
2,27,39,0
3,27,39,0
4,27,39,2
5,27,39,0
6,27,39,1
1,27,40,3
2,27,40,3
3,27,40,2
4,27,40,4
5,27,40,1
6,27,40,1
1,28,1,8
2,28,1,7
3,28,1,4
4,28,1,1
5,28,1,3
6,28,1,4
1,28,2,1
2,28,2,1
3,28,2,2
4,28,2,0
5,28,2,0
6,28,2,1
1,28,3,13
2,28,3,10
3,28,3,9
4,28,3,6
5,28,3,4
6,28,3,1
1,28,4,10
2,28,4,11
3,28,4,8
4,28,4,7
5,28,4,4
6,28,4,2
1,28,5,7
2,28,5,4
3,28,5,2
4,28,5,0
5,28,5,0
6,28,5,1
1,28,6,0
2,28,6,0
3,28,6,1
4,28,6,0
5,28,6,0
6,28,6,0
1,28,7,7
2,28,7,7
3,28,7,8
4,28,7,8
5,28,7,5
6,28,7,2
1,28,8,10
2,28,8,7
3,28,8,7
4,28,8,8
5,28,8,7
6,28,8,7
1,28,9,18
2,28,9,16
3,28,9,13
4,28,9,13
5,28,9,11
6,28,9,12
1,28,10,13
2,28,10,16
3,28,10,15
4,28,10,13
5,28,10,12
6,28,10,12
1,28,11,1
2,28,11,0
3,28,11,0
4,28,11,0
5,28,11,0
6,28,11,0
1,28,12,2
2,28,12,4
3,28,12,6
4,28,12,3
5,28,12,0
6,28,12,0
1,28,13,7
2,28,13,4
3,28,13,4
4,28,13,2
5,28,13,1
6,28,13,0
1,28,14,8
2,28,14,6
3,28,14,5
4,28,14,2
5,28,14,1
6,28,14,1
1,28,15,3
2,28,15,3
3,28,15,1
4,28,15,0
5,28,15,0
6,28,15,1
1,28,16,2
2,28,16,0
3,28,16,0
4,28,16,0
5,28,16,0
6,28,16,1
1,28,17,1
2,28,17,2
3,28,17,0
4,28,17,0
5,28,17,1
6,28,17,0
1,28,18,0
2,28,18,2
3,28,18,2
4,28,18,3
5,28,18,1
6,28,18,1
1,28,19,7
2,28,19,4
3,28,19,1
4,28,19,1
5,28,19,1
6,28,19,0
1,28,20,12
2,28,20,12
3,28,20,11
4,28,20,9
5,28,20,9
6,28,20,9
1,28,21,0
2,28,21,0
3,28,21,1
4,28,21,3
5,28,21,0
6,28,21,1
1,28,22,11
2,28,22,8
3,28,22,6
4,28,22,7
5,28,22,7
6,28,22,5
1,28,23,13
2,28,23,14
3,28,23,12
4,28,23,10
5,28,23,10
6,28,23,10
1,28,24,1
2,28,24,1
3,28,24,0
4,28,24,2
5,28,24,3
6,28,24,1
1,28,25,4
2,28,25,3
3,28,25,3
4,28,25,1
5,28,25,0
6,28,25,0
1,28,26,2
2,28,26,2
3,28,26,2
4,28,26,0
5,28,26,0
6,28,26,2
1,28,27,5
2,28,27,3
3,28,27,0
4,28,27,1
5,28,27,4
6,28,27,3
1,28,29,5
2,28,29,4
3,28,29,2
4,28,29,3
5,28,29,1
6,28,29,0
1,28,30,1
2,28,30,0
3,28,30,1
4,28,30,0
5,28,30,0
6,28,30,2
1,28,31,2
2,28,31,1
3,28,31,2
4,28,31,2
5,28,31,3
6,28,31,0
1,28,32,4
2,28,32,1
3,28,32,4
4,28,32,2
5,28,32,0
6,28,32,0
1,28,33,2
2,28,33,2
3,28,33,1
4,28,33,1
5,28,33,1
6,28,33,0
1,28,34,5
2,28,34,5
3,28,34,2
4,28,34,0
5,28,34,0
6,28,34,1
1,28,35,2
2,28,35,3
3,28,35,1
4,28,35,0
5,28,35,0
6,28,35,2
1,28,36,6
2,28,36,6
3,28,36,8
4,28,36,9
5,28,36,7
6,28,36,4
1,28,37,13
2,28,37,15
3,28,37,15
4,28,37,16
5,28,37,13
6,28,37,11
1,28,38,9
2,28,38,6
3,28,38,6
4,28,38,7
5,28,38,4
6,28,38,4
1,28,39,9
2,28,39,8
3,28,39,5
4,28,39,4
5,28,39,3
6,28,39,2
1,28,40,0
2,28,40,3
3,28,40,2
4,28,40,5
5,28,40,5
6,28,40,7
1,29,1,5
2,29,1,3
3,29,1,0
4,29,1,2
5,29,1,0
6,29,1,1
1,29,2,8
2,29,2,5
3,29,2,2
4,29,2,0
5,29,2,0
6,29,2,0
1,29,3,16
2,29,3,14
3,29,3,12
4,29,3,10
5,29,3,8
6,29,3,6
1,29,4,5
2,29,4,3
3,29,4,4
4,29,4,3
5,29,4,2
6,29,4,0
1,29,5,15
2,29,5,15
3,29,5,14
4,29,5,12
5,29,5,13
6,29,5,12
1,29,6,10
2,29,6,12
3,29,6,11
4,29,6,10
5,29,6,9
6,29,6,8
1,29,7,5
2,29,7,2
3,29,7,2
4,29,7,3
5,29,7,1
6,29,7,2
1,29,8,9
2,29,8,10
3,29,8,7
4,29,8,7
5,29,8,5
6,29,8,7
1,29,9,3
2,29,9,0
3,29,9,0
4,29,9,0
5,29,9,0
6,29,9,2
1,29,10,2
2,29,10,1
3,29,10,2
4,29,10,3
5,29,10,1
6,29,10,2
1,29,11,15
2,29,11,12
3,29,11,13
4,29,11,11
5,29,11,8
6,29,11,6
1,29,12,16
2,29,12,16
3,29,12,17
4,29,12,17
5,29,12,16
6,29,12,14
1,29,13,9
2,29,13,8
3,29,13,5
4,29,13,6
5,29,13,5
6,29,13,6
1,29,14,5
2,29,14,6
3,29,14,4
4,29,14,6
5,29,14,3
6,29,14,0
1,29,15,0
2,29,15,0
3,29,15,1
4,29,15,1
5,29,15,2
6,29,15,0
1,29,16,1
2,29,16,2
3,29,16,3
4,29,16,2
5,29,16,2
6,29,16,1
1,29,17,0
2,29,17,1
3,29,17,0
4,29,17,0
5,29,17,0
6,29,17,0
1,29,18,13
2,29,18,10
3,29,18,10
4,29,18,9
5,29,18,10
6,29,18,12
1,29,19,3
2,29,19,2
3,29,19,0
4,29,19,2
5,29,19,1
6,29,19,1
1,29,20,10
2,29,20,8
3,29,20,6
4,29,20,6
5,29,20,7
6,29,20,7
1,29,21,11
2,29,21,8
3,29,21,8
4,29,21,6
5,29,21,5
6,29,21,4
1,29,22,7
2,29,22,8
3,29,22,5
4,29,22,2
5,29,22,4
6,29,22,2
1,29,23,3
2,29,23,0
3,29,23,1
4,29,23,2
5,29,23,1
6,29,23,1
1,29,24,11
2,29,24,8
3,29,24,6
4,29,24,3
5,29,24,2
6,29,24,1
1,29,25,1
2,29,25,0
3,29,25,2
4,29,25,3
5,29,25,1
6,29,25,2
1,29,26,6
2,29,26,6
3,29,26,8
4,29,26,5
5,29,26,5
6,29,26,4
1,29,27,2
2,29,27,1
3,29,27,2
4,29,27,3
5,29,27,4
6,29,27,2
1,29,28,5
2,29,28,4
3,29,28,2
4,29,28,3
5,29,28,1
6,29,28,0
1,29,30,2
2,29,30,3
3,29,30,0
4,29,30,0
5,29,30,0
6,29,30,0
1,29,31,8
2,29,31,5
3,29,31,3
4,29,31,5
5,29,31,2
6,29,31,0
1,29,32,4
2,29,32,1
3,29,32,1
4,29,32,0
5,29,32,0
6,29,32,0
1,29,33,7
2,29,33,5
3,29,33,5
4,29,33,2
5,29,33,3
6,29,33,4
1,29,34,4
2,29,34,2
3,29,34,1
4,29,34,0
5,29,34,1
6,29,34,2
1,29,35,1
2,29,35,0
3,29,35,1
4,29,35,0
5,29,35,0
6,29,35,0
1,29,36,0
2,29,36,0
3,29,36,0
4,29,36,0
5,29,36,0
6,29,36,0
1,29,37,6
2,29,37,4
3,29,37,5
4,29,37,2
5,29,37,2
6,29,37,0
1,29,38,6
2,29,38,3
3,29,38,3
4,29,38,1
5,29,38,0
6,29,38,0
1,29,39,10
2,29,39,10
3,29,39,12
4,29,39,14
5,29,39,11
6,29,39,8
1,29,40,3
2,29,40,4
3,29,40,4
4,29,40,4
5,29,40,1
6,29,40,2
1,30,1,11
2,30,1,8
3,30,1,5
4,30,1,5
5,30,1,4
6,30,1,2
1,30,2,8
2,30,2,5
3,30,2,3
4,30,2,0
5,30,2,3
6,30,2,0
1,30,3,6
2,30,3,5
3,30,3,2
4,30,3,4
5,30,3,3
6,30,3,1
1,30,4,2
2,30,4,0
3,30,4,1
4,30,4,0
5,30,4,0
6,30,4,1
1,30,5,1
2,30,5,1
3,30,5,0
4,30,5,2
5,30,5,2
6,30,5,1
1,30,6,7
2,30,6,6
3,30,6,3
4,30,6,1
5,30,6,0
6,30,6,0
1,30,7,13
2,30,7,11
3,30,7,14
4,30,7,13
5,30,7,12
6,30,7,9
1,30,8,6
2,30,8,7
3,30,8,4
4,30,8,4
5,30,8,2
6,30,8,1
1,30,9,12
2,30,9,12
3,30,9,10
4,30,9,9
5,30,9,9
6,30,9,6
1,30,10,10
2,30,10,11
3,30,10,12
4,30,10,9
5,30,10,8
6,30,10,5
1,30,11,1
2,30,11,2
3,30,11,0
4,30,11,1
5,30,11,1
6,30,11,1
1,30,12,13
2,30,12,11
3,30,12,13
4,30,12,13
5,30,12,14
6,30,12,12
1,30,13,6
2,30,13,5
3,30,13,8
4,30,13,5
5,30,13,3
6,30,13,1
1,30,14,2
2,30,14,4
3,30,14,5
4,30,14,2
5,30,14,0
6,30,14,3
1,30,15,3
2,30,15,1
3,30,15,0
4,30,15,2
5,30,15,3
6,30,15,4
1,30,16,6
2,30,16,4
3,30,16,1
4,30,16,0
5,30,16,1
6,30,16,2
1,30,17,3
2,30,17,0
3,30,17,0
4,30,17,1
5,30,17,0
6,30,17,1
1,30,18,1
2,30,18,3
3,30,18,1
4,30,18,0
5,30,18,2
6,30,18,2
1,30,19,4
2,30,19,3
3,30,19,1
4,30,19,2
5,30,19,3
6,30,19,0
1,30,20,17
2,30,20,15
3,30,20,12
4,30,20,10
5,30,20,7
6,30,20,4
1,30,21,3
2,30,21,4
3,30,21,4
4,30,21,3
5,30,21,2
6,30,21,0
1,30,22,4
2,30,22,4
3,30,22,6
4,30,22,6
5,30,22,6
6,30,22,6
1,30,23,3
2,30,23,5
3,30,23,3
4,30,23,0
5,30,23,1
6,30,23,0
1,30,24,7
2,30,24,4
3,30,24,1
4,30,24,0
5,30,24,1
6,30,24,4
1,30,25,5
2,30,25,3
3,30,25,2
4,30,25,1
5,30,25,0
6,30,25,0
1,30,26,8
2,30,26,6
3,30,26,4
4,30,26,2
5,30,26,0
6,30,26,2
1,30,27,3
2,30,27,0
3,30,27,1
4,30,27,1
5,30,27,2
6,30,27,2
1,30,28,1
2,30,28,0
3,30,28,1
4,30,28,0
5,30,28,0
6,30,28,2
1,30,29,2
2,30,29,3
3,30,29,0
4,30,29,0
5,30,29,0
6,30,29,0
1,30,31,17
2,30,31,15
3,30,31,13
4,30,31,10
5,30,31,8
6,30,31,7
1,30,32,15
2,30,32,16
3,30,32,15
4,30,32,13
5,30,32,13
6,30,32,11
1,30,33,1
2,30,33,0
3,30,33,0
4,30,33,0
5,30,33,0
6,30,33,0
1,30,34,1
2,30,34,1
3,30,34,2
4,30,34,4
5,30,34,2
6,30,34,0
1,30,35,7
2,30,35,6
3,30,35,4
4,30,35,6
5,30,35,7
6,30,35,5
1,30,36,0
2,30,36,1
3,30,36,2
4,30,36,0
5,30,36,3
6,30,36,2
1,30,37,13
2,30,37,10
3,30,37,8
4,30,37,9
5,30,37,12
6,30,37,13
1,30,38,9
2,30,38,8
3,30,38,5
4,30,38,4
5,30,38,4
6,30,38,3
1,30,39,8
2,30,39,8
3,30,39,5
4,30,39,3
5,30,39,1
6,30,39,3
1,30,40,5
2,30,40,5
3,30,40,4
4,30,40,1
5,30,40,0
6,30,40,2
1,31,1,11
2,31,1,10
3,31,1,8
4,31,1,6
5,31,1,3
6,31,1,0
1,31,2,5
2,31,2,2
3,31,2,3
4,31,2,1
5,31,2,3
6,31,2,1
1,31,3,3
2,31,3,4
3,31,3,3
4,31,3,0
5,31,3,2
6,31,3,0
1,31,4,1
2,31,4,0
3,31,4,3
4,31,4,6
5,31,4,7
6,31,4,7
1,31,5,12
2,31,5,10
3,31,5,10
4,31,5,8
5,31,5,10
6,31,5,7
1,31,6,3
2,31,6,6
3,31,6,7
4,31,6,6
5,31,6,4
6,31,6,2
1,31,7,14
2,31,7,13
3,31,7,10
4,31,7,8
5,31,7,5
6,31,7,3
1,31,8,3
2,31,8,0
3,31,8,0
4,31,8,0
5,31,8,1
6,31,8,2
1,31,9,6
2,31,9,4
3,31,9,3
4,31,9,3
5,31,9,0
6,31,9,1
1,31,10,1
2,31,10,0
3,31,10,0
4,31,10,2
5,31,10,4
6,31,10,2
1,31,11,8
2,31,11,5
3,31,11,4
4,31,11,3
5,31,11,5
6,31,11,6
1,31,12,3
2,31,12,6
3,31,12,9
4,31,12,7
5,31,12,7
6,31,12,9
1,31,13,7
2,31,13,5
3,31,13,5
4,31,13,3
5,31,13,2
6,31,13,1
1,31,14,15
2,31,14,16
3,31,14,15
4,31,14,13
5,31,14,12
6,31,14,11
1,31,15,5
2,31,15,6
3,31,15,8
4,31,15,8
5,31,15,7
6,31,15,7
1,31,16,6
2,31,16,5
3,31,16,6
4,31,16,3
5,31,16,4
6,31,16,1
1,31,17,1
2,31,17,4
3,31,17,2
4,31,17,0
5,31,17,0
6,31,17,2
1,31,18,2
2,31,18,0
3,31,18,1
4,31,18,0
5,31,18,1
6,31,18,0
1,31,19,7
2,31,19,4
3,31,19,4
4,31,19,1
5,31,19,0
6,31,19,0
1,31,20,6
2,31,20,8
3,31,20,5
4,31,20,2
5,31,20,1
6,31,20,3
1,31,21,4
2,31,21,2
3,31,21,0
4,31,21,0
5,31,21,1
6,31,21,1
1,31,22,0
2,31,22,0
3,31,22,0
4,31,22,1
5,31,22,2
6,31,22,2
1,31,23,11
2,31,23,12
3,31,23,10
4,31,23,7
5,31,23,5
6,31,23,5
1,31,24,13
2,31,24,15
3,31,24,12
4,31,24,9
5,31,24,6
6,31,24,6
1,31,25,2
2,31,25,0
3,31,25,0
4,31,25,1
5,31,25,0
6,31,25,2
1,31,26,17
2,31,26,14
3,31,26,13
4,31,26,11
5,31,26,12
6,31,26,13
1,31,27,6
2,31,27,7
3,31,27,5
4,31,27,4
5,31,27,5
6,31,27,2
1,31,28,2
2,31,28,1
3,31,28,2
4,31,28,2
5,31,28,3
6,31,28,0
1,31,29,8
2,31,29,5
3,31,29,3
4,31,29,5
5,31,29,2
6,31,29,0
1,31,30,17
2,31,30,15
3,31,30,13
4,31,30,10
5,31,30,8
6,31,30,7
1,31,32,14
2,31,32,14
3,31,32,11
4,31,32,9
5,31,32,8
6,31,32,7
1,31,33,13
2,31,33,14
3,31,33,15
4,31,33,14
5,31,33,11
6,31,33,11
1,31,34,8
2,31,34,6
3,31,34,6
4,31,34,4
5,31,34,2
6,31,34,0
1,31,35,6
2,31,35,7
3,31,35,6
4,31,35,6
5,31,35,4
6,31,35,6
1,31,36,0
2,31,36,0
3,31,36,0
4,31,36,0
5,31,36,1
6,31,36,2
1,31,37,10
2,31,37,11
3,31,37,13
4,31,37,10
5,31,37,9
6,31,37,10
1,31,38,3
2,31,38,1
3,31,38,2
4,31,38,0
5,31,38,0
6,31,38,0
1,31,39,7
2,31,39,7
3,31,39,4
4,31,39,3
5,31,39,0
6,31,39,1
1,31,40,3
2,31,40,3
3,31,40,1
4,31,40,2
5,31,40,0
6,31,40,2
1,32,1,2
2,32,1,4
3,32,1,2
4,32,1,0
5,32,1,0
6,32,1,0
1,32,2,11
2,32,2,12
3,32,2,12
4,32,2,11
5,32,2,13
6,32,2,13
1,32,3,7
2,32,3,5
3,32,3,6
4,32,3,7
5,32,3,6
6,32,3,5
1,32,4,0
2,32,4,0
3,32,4,2
4,32,4,5
5,32,4,3
6,32,4,1
1,32,5,15
2,32,5,13
3,32,5,11
4,32,5,8
5,32,5,8
6,32,5,7
1,32,6,2
2,32,6,1
3,32,6,1
4,32,6,3
5,32,6,4
6,32,6,4
1,32,7,1
2,32,7,2
3,32,7,0
4,32,7,1
5,32,7,1
6,32,7,1
1,32,8,10
2,32,8,7
3,32,8,9
4,32,8,6
5,32,8,3
6,32,8,1
1,32,9,8
2,32,9,9
3,32,9,11
4,32,9,12
5,32,9,10
6,32,9,10
1,32,10,5
2,32,10,2
3,32,10,5
4,32,10,2
5,32,10,0
6,32,10,1
1,32,11,6
2,32,11,5
3,32,11,5
4,32,11,2
5,32,11,2
6,32,11,3
1,32,12,2
2,32,12,2
3,32,12,1
4,32,12,2
5,32,12,2
6,32,12,2
1,32,13,10
2,32,13,8
3,32,13,7
4,32,13,5
5,32,13,6
6,32,13,6
1,32,14,2
2,32,14,1
3,32,14,2
4,32,14,1
5,32,14,1
6,32,14,1
1,32,15,13
2,32,15,10
3,32,15,7
4,32,15,6
5,32,15,8
6,32,15,6
1,32,16,4
2,32,16,1
3,32,16,0
4,32,16,0
5,32,16,0
6,32,16,2
1,32,17,3
2,32,17,0
3,32,17,3
4,32,17,0
5,32,17,0
6,32,17,2
1,32,18,9
2,32,18,6
3,32,18,4
4,32,18,6
5,32,18,4
6,32,18,3
1,32,19,3
2,32,19,3
3,32,19,2
4,32,19,3
5,32,19,0
6,32,19,3
1,32,20,1
2,32,20,1
3,32,20,0
4,32,20,2
5,32,20,0
6,32,20,0
1,32,21,6
2,32,21,4
3,32,21,5
4,32,21,6
5,32,21,8
6,32,21,5
1,32,22,0
2,32,22,2
3,32,22,0
4,32,22,0
5,32,22,2
6,32,22,4
1,32,23,7
2,32,23,4
3,32,23,2
4,32,23,4
5,32,23,3
6,32,23,4
1,32,24,3
2,32,24,0
3,32,24,2
4,32,24,1
5,32,24,0
6,32,24,2
1,32,25,9
2,32,25,11
3,32,25,8
4,32,25,9
5,32,25,9
6,32,25,6
1,32,26,12
2,32,26,9
3,32,26,7
4,32,26,7
5,32,26,5
6,32,26,6
1,32,27,1
2,32,27,0
3,32,27,1
4,32,27,0
5,32,27,0
6,32,27,0
1,32,28,4
2,32,28,1
3,32,28,4
4,32,28,2
5,32,28,0
6,32,28,0
1,32,29,4
2,32,29,1
3,32,29,1
4,32,29,0
5,32,29,0
6,32,29,0
1,32,30,15
2,32,30,16
3,32,30,15
4,32,30,13
5,32,30,13
6,32,30,11
1,32,31,14
2,32,31,14
3,32,31,11
4,32,31,9
5,32,31,8
6,32,31,7
1,32,33,9
2,32,33,8
3,32,33,10
4,32,33,8
5,32,33,5
6,32,33,6
1,32,34,1
2,32,34,2
3,32,34,3
4,32,34,0
5,32,34,1
6,32,34,3
1,32,35,4
2,32,35,7
3,32,35,9
4,32,35,6
5,32,35,5
6,32,35,5
1,32,36,17
2,32,36,15
3,32,36,14
4,32,36,16
5,32,36,13
6,32,36,11
1,32,37,1
2,32,37,1
3,32,37,3
4,32,37,4
5,32,37,4
6,32,37,3
1,32,38,6
2,32,38,5
3,32,38,3
4,32,38,0
5,32,38,1
6,32,38,1
1,32,39,8
2,32,39,6
3,32,39,5
4,32,39,2
5,32,39,2
6,32,39,4
1,32,40,5
2,32,40,5
3,32,40,3
4,32,40,3
5,32,40,3
6,32,40,1
1,33,1,0
2,33,1,1
3,33,1,0
4,33,1,1
5,33,1,0
6,33,1,2
1,33,2,9
2,33,2,7
3,33,2,5
4,33,2,5
5,33,2,6
6,33,2,6
1,33,3,11
2,33,3,9
3,33,3,6
4,33,3,4
5,33,3,2
6,33,3,0
1,33,4,6
2,33,4,4
3,33,4,1
4,33,4,2
5,33,4,0
6,33,4,0
1,33,5,0
2,33,5,2
3,33,5,1
4,33,5,0
5,33,5,3
6,33,5,0
1,33,6,5
2,33,6,2
3,33,6,1
4,33,6,1
5,33,6,2
6,33,6,0
1,33,7,2
2,33,7,1
3,33,7,1
4,33,7,0
5,33,7,1
6,33,7,0
1,33,8,4
2,33,8,2
3,33,8,0
4,33,8,2
5,33,8,1
6,33,8,2
1,33,9,0
2,33,9,1
3,33,9,4
4,33,9,1
5,33,9,1
6,33,9,1
1,33,10,1
2,33,10,0
3,33,10,1
4,33,10,2
5,33,10,4
6,33,10,1
1,33,11,2
2,33,11,3
3,33,11,0
4,33,11,2
5,33,11,0
6,33,11,2
1,33,12,5
2,33,12,2
3,33,12,4
4,33,12,2
5,33,12,1
6,33,12,3
1,33,13,13
2,33,13,13
3,33,13,11
4,33,13,10
5,33,13,7
6,33,13,6
1,33,14,3
2,33,14,4
3,33,14,3
4,33,14,1
5,33,14,2
6,33,14,2
1,33,15,11
2,33,15,10
3,33,15,7
4,33,15,6
5,33,15,4
6,33,15,3
1,33,16,1
2,33,16,1
3,33,16,0
4,33,16,3
5,33,16,1
6,33,16,1
1,33,17,1
2,33,17,2
3,33,17,3
4,33,17,2
5,33,17,2
6,33,17,2
1,33,18,4
2,33,18,4
3,33,18,4
4,33,18,2
5,33,18,4
6,33,18,3
1,33,19,2
2,33,19,4
3,33,19,2
4,33,19,1
5,33,19,1
6,33,19,0
1,33,20,3
2,33,20,3
3,33,20,0
4,33,20,1
5,33,20,0
6,33,20,0
1,33,21,15
2,33,21,13
3,33,21,15
4,33,21,12
5,33,21,10
6,33,21,13
1,33,22,1
2,33,22,0
3,33,22,2
4,33,22,2
5,33,22,3
6,33,22,4
1,33,23,0
2,33,23,1
3,33,23,1
4,33,23,3
5,33,23,1
6,33,23,2
1,33,24,0
2,33,24,1
3,33,24,0
4,33,24,0
5,33,24,2
6,33,24,3
1,33,25,4
2,33,25,4
3,33,25,2
4,33,25,0
5,33,25,0
6,33,25,1
1,33,26,0
2,33,26,0
3,33,26,1
4,33,26,2
5,33,26,2
6,33,26,0
1,33,27,10
2,33,27,9
3,33,27,6
4,33,27,3
5,33,27,3
6,33,27,4
1,33,28,2
2,33,28,2
3,33,28,1
4,33,28,1
5,33,28,1
6,33,28,0
1,33,29,7
2,33,29,5
3,33,29,5
4,33,29,2
5,33,29,3
6,33,29,4
1,33,30,1
2,33,30,0
3,33,30,0
4,33,30,0
5,33,30,0
6,33,30,0
1,33,31,13
2,33,31,14
3,33,31,15
4,33,31,14
5,33,31,11
6,33,31,11
1,33,32,9
2,33,32,8
3,33,32,10
4,33,32,8
5,33,32,5
6,33,32,6
1,33,34,8
2,33,34,9
3,33,34,6
4,33,34,3
5,33,34,3
6,33,34,4
1,33,35,8
2,33,35,7
3,33,35,4
4,33,35,4
5,33,35,3
6,33,35,2
1,33,36,3
2,33,36,1
3,33,36,2
4,33,36,1
5,33,36,2
6,33,36,0
1,33,37,9
2,33,37,12
3,33,37,9
4,33,37,6
5,33,37,4
6,33,37,3
1,33,38,2
2,33,38,2
3,33,38,1
4,33,38,3
5,33,38,0
6,33,38,0
1,33,39,6
2,33,39,6
3,33,39,3
4,33,39,3
5,33,39,3
6,33,39,1
1,33,40,2
2,33,40,3
3,33,40,0
4,33,40,2
5,33,40,2
6,33,40,3
1,34,1,2
2,34,1,4
3,34,1,4
4,34,1,2
5,34,1,0
6,34,1,1
1,34,2,1
2,34,2,3
3,34,2,1
4,34,2,1
5,34,2,1
6,34,2,2
1,34,3,11
2,34,3,11
3,34,3,9
4,34,3,9
5,34,3,9
6,34,3,7
1,34,4,4
2,34,4,5
3,34,4,2
4,34,4,0
5,34,4,2
6,34,4,1
1,34,5,2
2,34,5,3
3,34,5,3
4,34,5,2
5,34,5,2
6,34,5,0
1,34,6,9
2,34,6,10
3,34,6,11
4,34,6,8
5,34,6,6
6,34,6,3
1,34,7,2
2,34,7,0
3,34,7,0
4,34,7,2
5,34,7,0
6,34,7,2
1,34,8,10
2,34,8,11
3,34,8,8
4,34,8,8
5,34,8,5
6,34,8,2
1,34,9,1
2,34,9,0
3,34,9,1
4,34,9,1
5,34,9,1
6,34,9,0
1,34,10,2
2,34,10,1
3,34,10,3
4,34,10,2
5,34,10,2
6,34,10,0
1,34,11,4
2,34,11,2
3,34,11,1
4,34,11,1
5,34,11,3
6,34,11,4
1,34,12,8
2,34,12,7
3,34,12,9
4,34,12,7
5,34,12,8
6,34,12,6
1,34,13,10
2,34,13,7
3,34,13,5
4,34,13,5
5,34,13,3
6,34,13,5
1,34,14,11
2,34,14,8
3,34,14,7
4,34,14,6
5,34,14,4
6,34,14,6
1,34,15,9
2,34,15,9
3,34,15,6
4,34,15,3
5,34,15,0
6,34,15,0
1,34,16,14
2,34,16,13
3,34,16,15
4,34,16,13
5,34,16,12
6,34,16,13
1,34,17,1
2,34,17,0
3,34,17,3
4,34,17,3
5,34,17,0
6,34,17,0
1,34,18,4
2,34,18,4
3,34,18,6
4,34,18,4
5,34,18,5
6,34,18,6
1,34,19,3
2,34,19,3
3,34,19,0
4,34,19,0
5,34,19,2
6,34,19,0
1,34,20,12
2,34,20,10
3,34,20,7
4,34,20,5
5,34,20,4
6,34,20,1
1,34,21,2
2,34,21,3
3,34,21,3
4,34,21,0
5,34,21,0
6,34,21,2
1,34,22,17
2,34,22,15
3,34,22,12
4,34,22,9
5,34,22,6
6,34,22,3
1,34,23,0
2,34,23,1
3,34,23,3
4,34,23,2
5,34,23,2
6,34,23,3
1,34,24,11
2,34,24,9
3,34,24,9
4,34,24,11
5,34,24,9
6,34,24,6
1,34,25,9
2,34,25,12
3,34,25,12
4,34,25,10
5,34,25,8
6,34,25,7
1,34,26,7
2,34,26,6
3,34,26,3
4,34,26,3
5,34,26,1
6,34,26,1
1,34,27,2
2,34,27,1
3,34,27,0
4,34,27,0
5,34,27,1
6,34,27,3
1,34,28,5
2,34,28,5
3,34,28,2
4,34,28,0
5,34,28,0
6,34,28,1
1,34,29,4
2,34,29,2
3,34,29,1
4,34,29,0
5,34,29,1
6,34,29,2
1,34,30,1
2,34,30,1
3,34,30,2
4,34,30,4
5,34,30,2
6,34,30,0
1,34,31,8
2,34,31,6
3,34,31,6
4,34,31,4
5,34,31,2
6,34,31,0
1,34,32,1
2,34,32,2
3,34,32,3
4,34,32,0
5,34,32,1
6,34,32,3
1,34,33,8
2,34,33,9
3,34,33,6
4,34,33,3
5,34,33,3
6,34,33,4
1,34,35,9
2,34,35,7
3,34,35,9
4,34,35,7
5,34,35,4
6,34,35,1
1,34,36,8
2,34,36,7
3,34,36,7
4,34,36,6
5,34,36,6
6,34,36,7
1,34,37,12
2,34,37,14
3,34,37,13
4,34,37,12
5,34,37,10
6,34,37,7
1,34,38,13
2,34,38,15
3,34,38,15
4,34,38,15
5,34,38,14
6,34,38,11
1,34,39,1
2,34,39,3
3,34,39,1
4,34,39,1
5,34,39,2
6,34,39,0
1,34,40,3
2,34,40,1
3,34,40,2
4,34,40,0
5,34,40,2
6,34,40,4
1,35,1,3
2,35,1,1
3,35,1,0
4,35,1,1
5,35,1,0
6,35,1,2
1,35,2,6
2,35,2,4
3,35,2,2
4,35,2,2
5,35,2,2
6,35,2,3
1,35,3,8
2,35,3,10
3,35,3,8
4,35,3,5
5,35,3,4
6,35,3,1
1,35,4,1
2,35,4,0
3,35,4,0
4,35,4,0
5,35,4,0
6,35,4,2
1,35,5,2
2,35,5,1
3,35,5,2
4,35,5,0
5,35,5,1
6,35,5,1
1,35,6,2
2,35,6,3
3,35,6,0
4,35,6,3
5,35,6,5
6,35,6,3
1,35,7,7
2,35,7,7
3,35,7,6
4,35,7,8
5,35,7,5
6,35,7,6
1,35,8,3
2,35,8,0
3,35,8,1
4,35,8,0
5,35,8,2
6,35,8,0
1,35,9,18
2,35,9,16
3,35,9,18
4,35,9,18
5,35,9,18
6,35,9,15
1,35,10,4
2,35,10,3
3,35,10,1
4,35,10,0
5,35,10,0
6,35,10,1
1,35,11,4
2,35,11,5
3,35,11,2
4,35,11,0
5,35,11,3
6,35,11,5
1,35,12,1
2,35,12,1
3,35,12,4
4,35,12,2
5,35,12,1
6,35,12,2
1,35,13,6
2,35,13,6
3,35,13,6
4,35,13,9
5,35,13,8
6,35,13,5
1,35,14,4
2,35,14,3
3,35,14,4
4,35,14,1
5,35,14,1
6,35,14,1
1,35,15,13
2,35,15,11
3,35,15,10
4,35,15,13
5,35,15,11
6,35,15,11
1,35,16,2
2,35,16,4
3,35,16,1
4,35,16,2
5,35,16,0
6,35,16,1
1,35,17,7
2,35,17,4
3,35,17,3
4,35,17,1
5,35,17,0
6,35,17,0
1,35,18,2
2,35,18,2
3,35,18,1
4,35,18,0
5,35,18,0
6,35,18,0
1,35,19,3
2,35,19,2
3,35,19,1
4,35,19,0
5,35,19,2
6,35,19,1
1,35,20,1
2,35,20,3
3,35,20,2
4,35,20,0
5,35,20,0
6,35,20,2
1,35,21,2
2,35,21,2
3,35,21,0
4,35,21,2
5,35,21,1
6,35,21,1
1,35,22,1
2,35,22,1
3,35,22,1
4,35,22,0
5,35,22,2
6,35,22,3
1,35,23,2
2,35,23,1
3,35,23,1
4,35,23,1
5,35,23,0
6,35,23,0
1,35,24,0
2,35,24,0
3,35,24,1
4,35,24,0
5,35,24,0
6,35,24,0
1,35,25,4
2,35,25,5
3,35,25,5
4,35,25,3
5,35,25,5
6,35,25,4
1,35,26,2
2,35,26,4
3,35,26,2
4,35,26,0
5,35,26,1
6,35,26,1
1,35,27,5
2,35,27,2
3,35,27,0
4,35,27,1
5,35,27,2
6,35,27,1
1,35,28,2
2,35,28,3
3,35,28,1
4,35,28,0
5,35,28,0
6,35,28,2
1,35,29,1
2,35,29,0
3,35,29,1
4,35,29,0
5,35,29,0
6,35,29,0
1,35,30,7
2,35,30,6
3,35,30,4
4,35,30,6
5,35,30,7
6,35,30,5
1,35,31,6
2,35,31,7
3,35,31,6
4,35,31,6
5,35,31,4
6,35,31,6
1,35,32,4
2,35,32,7
3,35,32,9
4,35,32,6
5,35,32,5
6,35,32,5
1,35,33,8
2,35,33,7
3,35,33,4
4,35,33,4
5,35,33,3
6,35,33,2
1,35,34,9
2,35,34,7
3,35,34,9
4,35,34,7
5,35,34,4
6,35,34,1
1,35,36,6
2,35,36,6
3,35,36,6
4,35,36,4
5,35,36,3
6,35,36,0
1,35,37,4
2,35,37,4
3,35,37,4
4,35,37,5
5,35,37,2
6,35,37,2
1,35,38,9
2,35,38,6
3,35,38,5
4,35,38,3
5,35,38,3
6,35,38,0
1,35,39,7
2,35,39,4
3,35,39,4
4,35,39,1
5,35,39,2
6,35,39,5
1,35,40,8
2,35,40,6
3,35,40,5
4,35,40,5
5,35,40,5
6,35,40,6
1,36,1,14
2,36,1,15
3,36,1,12
4,36,1,11
5,36,1,8
6,36,1,6
1,36,2,10
2,36,2,8
3,36,2,7
4,36,2,6
5,36,2,6
6,36,2,3
1,36,3,6
2,36,3,3
3,36,3,1
4,36,3,0
5,36,3,0
6,36,3,0
1,36,4,0
2,36,4,0
3,36,4,0
4,36,4,0
5,36,4,1
6,36,4,2
1,36,5,13
2,36,5,11
3,36,5,9
4,36,5,7
5,36,5,6
6,36,5,4
1,36,6,4
2,36,6,5
3,36,6,6
4,36,6,4
5,36,6,5
6,36,6,6
1,36,7,5
2,36,7,3
3,36,7,3
4,36,7,0
5,36,7,0
6,36,7,1
1,36,8,2
2,36,8,4
3,36,8,1
4,36,8,2
5,36,8,0
6,36,8,1
1,36,9,1
2,36,9,2
3,36,9,3
4,36,9,3
5,36,9,0
6,36,9,3
1,36,10,1
2,36,10,4
3,36,10,2
4,36,10,4
5,36,10,2
6,36,10,4
1,36,11,4
2,36,11,5
3,36,11,7
4,36,11,5
5,36,11,3
6,36,11,1
1,36,12,11
2,36,12,12
3,36,12,11
4,36,12,8
5,36,12,5
6,36,12,2
1,36,13,0
2,36,13,1
3,36,13,2
4,36,13,0
5,36,13,2
6,36,13,1
1,36,14,4
2,36,14,2
3,36,14,4
4,36,14,4
5,36,14,1
6,36,14,1
1,36,15,16
2,36,15,16
3,36,15,16
4,36,15,14
5,36,15,13
6,36,15,13
1,36,16,2
2,36,16,5
3,36,16,3
4,36,16,1
5,36,16,0
6,36,16,0
1,36,17,3
2,36,17,5
3,36,17,6
4,36,17,9
5,36,17,9
6,36,17,6
1,36,18,6
2,36,18,3
3,36,18,1
4,36,18,3
5,36,18,1
6,36,18,2
1,36,19,3
2,36,19,4
3,36,19,5
4,36,19,7
5,36,19,7
6,36,19,4
1,36,20,4
2,36,20,2
3,36,20,3
4,36,20,3
5,36,20,3
6,36,20,3
1,36,21,2
2,36,21,1
3,36,21,1
4,36,21,1
5,36,21,0
6,36,21,0
1,36,22,1
2,36,22,0
3,36,22,1
4,36,22,2
5,36,22,0
6,36,22,1
1,36,23,3
2,36,23,1
3,36,23,1
4,36,23,0
5,36,23,1
6,36,23,1
1,36,24,4
2,36,24,2
3,36,24,1
4,36,24,2
5,36,24,3
6,36,24,0
1,36,25,0
2,36,25,2
3,36,25,0
4,36,25,2
5,36,25,2
6,36,25,0
1,36,26,2
2,36,26,0
3,36,26,0
4,36,26,1
5,36,26,0
6,36,26,0
1,36,27,15
2,36,27,14
3,36,27,11
4,36,27,13
5,36,27,13
6,36,27,12
1,36,28,6
2,36,28,6
3,36,28,8
4,36,28,9
5,36,28,7
6,36,28,4
1,36,29,0
2,36,29,0
3,36,29,0
4,36,29,0
5,36,29,0
6,36,29,0
1,36,30,0
2,36,30,1
3,36,30,2
4,36,30,0
5,36,30,3
6,36,30,2
1,36,31,0
2,36,31,0
3,36,31,0
4,36,31,0
5,36,31,1
6,36,31,2
1,36,32,17
2,36,32,15
3,36,32,14
4,36,32,16
5,36,32,13
6,36,32,11
1,36,33,3
2,36,33,1
3,36,33,2
4,36,33,1
5,36,33,2
6,36,33,0
1,36,34,8
2,36,34,7
3,36,34,7
4,36,34,6
5,36,34,6
6,36,34,7
1,36,35,6
2,36,35,6
3,36,35,6
4,36,35,4
5,36,35,3
6,36,35,0
1,36,37,8
2,36,37,5
3,36,37,4
4,36,37,1
5,36,37,3
6,36,37,3
1,36,38,4
2,36,38,1
3,36,38,2
4,36,38,1
5,36,38,1
6,36,38,3
1,36,39,5
2,36,39,4
3,36,39,2
4,36,39,1
5,36,39,4
6,36,39,5
1,36,40,8
2,36,40,10
3,36,40,11
4,36,40,9
5,36,40,8
6,36,40,6
1,37,1,7
2,37,1,10
3,37,1,12
4,37,1,11
5,37,1,9
6,37,1,7
1,37,2,5
2,37,2,7
3,37,2,6
4,37,2,4
5,37,2,2
6,37,2,1
1,37,3,4
2,37,3,3
3,37,3,2
4,37,3,4
5,37,3,2
6,37,3,3
1,37,4,2
2,37,4,2
3,37,4,0
4,37,4,1
5,37,4,3
6,37,4,5
1,37,5,2
2,37,5,0
3,37,5,2
4,37,5,4
5,37,5,6
6,37,5,4
1,37,6,4
2,37,6,3
3,37,6,2
4,37,6,5
5,37,6,5
6,37,6,5
1,37,7,1
2,37,7,3
3,37,7,2
4,37,7,5
5,37,7,2
6,37,7,0
1,37,8,6
2,37,8,7
3,37,8,4
4,37,8,2
5,37,8,3
6,37,8,0
1,37,9,0
2,37,9,0
3,37,9,2
4,37,9,1
5,37,9,1
6,37,9,1
1,37,10,3
2,37,10,1
3,37,10,1
4,37,10,0
5,37,10,0
6,37,10,1
1,37,11,11
2,37,11,9
3,37,11,6
4,37,11,4
5,37,11,2
6,37,11,0
1,37,12,4
2,37,12,7
3,37,12,7
4,37,12,7
5,37,12,6
6,37,12,6
1,37,13,8
2,37,13,5
3,37,13,6
4,37,13,3
5,37,13,3
6,37,13,0
1,37,14,1
2,37,14,4
3,37,14,1
4,37,14,0
5,37,14,2
6,37,14,2
1,37,15,1
2,37,15,2
3,37,15,0
4,37,15,2
5,37,15,0
6,37,15,3
1,37,16,6
2,37,16,4
3,37,16,2
4,37,16,0
5,37,16,0
6,37,16,1
1,37,17,8
2,37,17,10
3,37,17,9
4,37,17,8
5,37,17,5
6,37,17,5
1,37,18,0
2,37,18,0
3,37,18,1
4,37,18,0
5,37,18,3
6,37,18,0
1,37,19,8
2,37,19,5
3,37,19,2
4,37,19,0
5,37,19,1
6,37,19,3
1,37,20,1
2,37,20,1
3,37,20,0
4,37,20,0
5,37,20,0
6,37,20,0
1,37,21,2
2,37,21,1
3,37,21,0
4,37,21,0
5,37,21,0
6,37,21,0
1,37,22,7
2,37,22,8
3,37,22,8
4,37,22,8
5,37,22,7
6,37,22,8
1,37,23,4
2,37,23,1
3,37,23,2
4,37,23,0
5,37,23,1
6,37,23,4
1,37,24,10
2,37,24,8
3,37,24,7
4,37,24,6
5,37,24,5
6,37,24,2
1,37,25,2
2,37,25,3
3,37,25,3
4,37,25,0
5,37,25,0
6,37,25,0
1,37,26,7
2,37,26,9
3,37,26,8
4,37,26,5
5,37,26,3
6,37,26,3
1,37,27,15
2,37,27,17
3,37,27,14
4,37,27,12
5,37,27,9
6,37,27,9
1,37,28,13
2,37,28,15
3,37,28,15
4,37,28,16
5,37,28,13
6,37,28,11
1,37,29,6
2,37,29,4
3,37,29,5
4,37,29,2
5,37,29,2
6,37,29,0
1,37,30,13
2,37,30,10
3,37,30,8
4,37,30,9
5,37,30,12
6,37,30,13
1,37,31,10
2,37,31,11
3,37,31,13
4,37,31,10
5,37,31,9
6,37,31,10
1,37,32,1
2,37,32,1
3,37,32,3
4,37,32,4
5,37,32,4
6,37,32,3
1,37,33,9
2,37,33,12
3,37,33,9
4,37,33,6
5,37,33,4
6,37,33,3
1,37,34,12
2,37,34,14
3,37,34,13
4,37,34,12
5,37,34,10
6,37,34,7
1,37,35,4
2,37,35,4
3,37,35,4
4,37,35,5
5,37,35,2
6,37,35,2
1,37,36,8
2,37,36,5
3,37,36,4
4,37,36,1
5,37,36,3
6,37,36,3
1,37,38,6
2,37,38,5
3,37,38,2
4,37,38,0
5,37,38,1
6,37,38,0
1,37,39,3
2,37,39,1
3,37,39,0
4,37,39,0
5,37,39,2
6,37,39,0
1,37,40,2
2,37,40,1
3,37,40,2
4,37,40,3
5,37,40,4
6,37,40,2
1,38,1,3
2,38,1,2
3,38,1,4
4,38,1,2
5,38,1,0
6,38,1,0
1,38,2,14
2,38,2,17
3,38,2,15
4,38,2,12
5,38,2,13
6,38,2,14
1,38,3,7
2,38,3,4
3,38,3,3
4,38,3,3
5,38,3,1
6,38,3,1
1,38,4,5
2,38,4,3
3,38,4,5
4,38,4,3
5,38,4,6
6,38,4,4
1,38,5,18
2,38,5,16
3,38,5,17
4,38,5,19
5,38,5,18
6,38,5,15
1,38,6,3
2,38,6,2
3,38,6,0
4,38,6,1
5,38,6,0
6,38,6,0
1,38,7,0
2,38,7,0
3,38,7,1
4,38,7,0
5,38,7,0
6,38,7,0
1,38,8,0
2,38,8,0
3,38,8,0
4,38,8,1
5,38,8,4
6,38,8,4
1,38,9,0
2,38,9,2
3,38,9,1
4,38,9,0
5,38,9,0
6,38,9,0
1,38,10,0
2,38,10,0
3,38,10,2
4,38,10,0
5,38,10,0
6,38,10,2
1,38,11,0
2,38,11,0
3,38,11,0
4,38,11,0
5,38,11,2
6,38,11,0
1,38,12,7
2,38,12,4
3,38,12,4
4,38,12,1
5,38,12,3
6,38,12,0
1,38,13,3
2,38,13,4
3,38,13,3
4,38,13,0
5,38,13,0
6,38,13,3
1,38,14,8
2,38,14,7
3,38,14,7
4,38,14,6
5,38,14,4
6,38,14,4
1,38,15,0
2,38,15,1
3,38,15,3
4,38,15,2
5,38,15,1
6,38,15,1
1,38,16,3
2,38,16,3
3,38,16,3
4,38,16,1
5,38,16,2
6,38,16,2
1,38,17,2
2,38,17,0
3,38,17,0
4,38,17,2
5,38,17,4
6,38,17,5
1,38,18,2
2,38,18,3
3,38,18,1
4,38,18,2
5,38,18,3
6,38,18,1
1,38,19,7
2,38,19,6
3,38,19,3
4,38,19,5
5,38,19,4
6,38,19,3
1,38,20,7
2,38,20,6
3,38,20,5
4,38,20,3
5,38,20,1
6,38,20,1
1,38,21,8
2,38,21,7
3,38,21,4
4,38,21,1
5,38,21,0
6,38,21,1
1,38,22,9
2,38,22,6
3,38,22,6
4,38,22,6
5,38,22,6
6,38,22,5
1,38,23,1
2,38,23,1
3,38,23,4
4,38,23,1
5,38,23,0
6,38,23,0
1,38,24,11
2,38,24,8
3,38,24,10
4,38,24,8
5,38,24,8
6,38,24,5
1,38,25,9
2,38,25,7
3,38,25,4
4,38,25,5
5,38,25,2
6,38,25,2
1,38,26,3
2,38,26,0
3,38,26,1
4,38,26,1
5,38,26,0
6,38,26,3
1,38,27,2
2,38,27,1
3,38,27,1
4,38,27,2
5,38,27,0
6,38,27,2
1,38,28,9
2,38,28,6
3,38,28,6
4,38,28,7
5,38,28,4
6,38,28,4
1,38,29,6
2,38,29,3
3,38,29,3
4,38,29,1
5,38,29,0
6,38,29,0
1,38,30,9
2,38,30,8
3,38,30,5
4,38,30,4
5,38,30,4
6,38,30,3
1,38,31,3
2,38,31,1
3,38,31,2
4,38,31,0
5,38,31,0
6,38,31,0
1,38,32,6
2,38,32,5
3,38,32,3
4,38,32,0
5,38,32,1
6,38,32,1
1,38,33,2
2,38,33,2
3,38,33,1
4,38,33,3
5,38,33,0
6,38,33,0
1,38,34,13
2,38,34,15
3,38,34,15
4,38,34,15
5,38,34,14
6,38,34,11
1,38,35,9
2,38,35,6
3,38,35,5
4,38,35,3
5,38,35,3
6,38,35,0
1,38,36,4
2,38,36,1
3,38,36,2
4,38,36,1
5,38,36,1
6,38,36,3
1,38,37,6
2,38,37,5
3,38,37,2
4,38,37,0
5,38,37,1
6,38,37,0
1,38,39,1
2,38,39,2
3,38,39,4
4,38,39,2
5,38,39,1
6,38,39,1
1,38,40,11
2,38,40,9
3,38,40,9
4,38,40,9
5,38,40,11
6,38,40,11
1,39,1,2
2,39,1,0
3,39,1,1
4,39,1,1
5,39,1,2
6,39,1,3
1,39,2,0
2,39,2,0
3,39,2,0
4,39,2,1
5,39,2,3
6,39,2,2
1,39,3,0
2,39,3,0
3,39,3,1
4,39,3,1
5,39,3,2
6,39,3,1
1,39,4,3
2,39,4,1
3,39,4,0
4,39,4,2
5,39,4,0
6,39,4,2
1,39,5,5
2,39,5,2
3,39,5,1
4,39,5,2
5,39,5,0
6,39,5,1
1,39,6,1
2,39,6,1
3,39,6,1
4,39,6,2
5,39,6,4
6,39,6,1
1,39,7,9
2,39,7,8
3,39,7,7
4,39,7,5
5,39,7,3
6,39,7,1
1,39,8,13
2,39,8,10
3,39,8,7
4,39,8,5
5,39,8,8
6,39,8,10
1,39,9,7
2,39,9,4
3,39,9,2
4,39,9,1
5,39,9,1
6,39,9,2
1,39,10,2
2,39,10,1
3,39,10,2
4,39,10,0
5,39,10,1
6,39,10,3
1,39,11,7
2,39,11,10
3,39,11,11
4,39,11,12
5,39,11,9
6,39,11,9
1,39,12,1
2,39,12,0
3,39,12,1
4,39,12,1
5,39,12,0
6,39,12,2
1,39,13,10
2,39,13,8
3,39,13,9
4,39,13,6
5,39,13,3
6,39,13,1
1,39,14,0
2,39,14,0
3,39,14,0
4,39,14,1
5,39,14,0
6,39,14,0
1,39,15,0
2,39,15,0
3,39,15,2
4,39,15,4
5,39,15,2
6,39,15,1
1,39,16,2
2,39,16,3
3,39,16,2
4,39,16,3
5,39,16,1
6,39,16,2
1,39,17,4
2,39,17,1
3,39,17,0
4,39,17,0
5,39,17,0
6,39,17,0
1,39,18,0
2,39,18,2
3,39,18,3
4,39,18,3
5,39,18,1
6,39,18,3
1,39,19,1
2,39,19,1
3,39,19,1
4,39,19,2
5,39,19,0
6,39,19,0
1,39,20,1
2,39,20,3
3,39,20,3
4,39,20,0
5,39,20,2
6,39,20,1
1,39,21,7
2,39,21,6
3,39,21,9
4,39,21,10
5,39,21,9
6,39,21,7
1,39,22,4
2,39,22,3
3,39,22,4
4,39,22,5
5,39,22,7
6,39,22,8
1,39,23,1
2,39,23,2
3,39,23,3
4,39,23,4
5,39,23,1
6,39,23,2
1,39,24,3
2,39,24,1
3,39,24,0
4,39,24,0
5,39,24,2
6,39,24,1
1,39,25,1
2,39,25,0
3,39,25,1
4,39,25,1
5,39,25,1
6,39,25,0
1,39,26,11
2,39,26,13
3,39,26,11
4,39,26,12
5,39,26,9
6,39,26,7
1,39,27,0
2,39,27,0
3,39,27,0
4,39,27,2
5,39,27,0
6,39,27,1
1,39,28,9
2,39,28,8
3,39,28,5
4,39,28,4
5,39,28,3
6,39,28,2
1,39,29,10
2,39,29,10
3,39,29,12
4,39,29,14
5,39,29,11
6,39,29,8
1,39,30,8
2,39,30,8
3,39,30,5
4,39,30,3
5,39,30,1
6,39,30,3
1,39,31,7
2,39,31,7
3,39,31,4
4,39,31,3
5,39,31,0
6,39,31,1
1,39,32,8
2,39,32,6
3,39,32,5
4,39,32,2
5,39,32,2
6,39,32,4
1,39,33,6
2,39,33,6
3,39,33,3
4,39,33,3
5,39,33,3
6,39,33,1
1,39,34,1
2,39,34,3
3,39,34,1
4,39,34,1
5,39,34,2
6,39,34,0
1,39,35,7
2,39,35,4
3,39,35,4
4,39,35,1
5,39,35,2
6,39,35,5
1,39,36,5
2,39,36,4
3,39,36,2
4,39,36,1
5,39,36,4
6,39,36,5
1,39,37,3
2,39,37,1
3,39,37,0
4,39,37,0
5,39,37,2
6,39,37,0
1,39,38,1
2,39,38,2
3,39,38,4
4,39,38,2
5,39,38,1
6,39,38,1
1,39,40,8
2,39,40,9
3,39,40,6
4,39,40,8
5,39,40,5
6,39,40,4
1,40,1,5
2,40,1,2
3,40,1,2
4,40,1,0
5,40,1,2
6,40,1,0
1,40,2,3
2,40,2,0
3,40,2,0
4,40,2,0
5,40,2,1
6,40,2,0
1,40,3,2
2,40,3,1
3,40,3,1
4,40,3,1
5,40,3,3
6,40,3,2
1,40,4,2
2,40,4,0
3,40,4,3
4,40,4,2
5,40,4,0
6,40,4,0
1,40,5,0
2,40,5,1
3,40,5,2
4,40,5,0
5,40,5,0
6,40,5,1
1,40,6,5
2,40,6,4
3,40,6,4
4,40,6,4
5,40,6,2
6,40,6,1
1,40,7,0
2,40,7,0
3,40,7,0
4,40,7,1
5,40,7,2
6,40,7,1
1,40,8,2
2,40,8,0
3,40,8,2
4,40,8,1
5,40,8,2
6,40,8,2
1,40,9,3
2,40,9,1
3,40,9,0
4,40,9,0
5,40,9,0
6,40,9,1
1,40,10,1
2,40,10,0
3,40,10,0
4,40,10,0
5,40,10,1
6,40,10,1
1,40,11,3
2,40,11,3
3,40,11,2
4,40,11,3
5,40,11,4
6,40,11,4
1,40,12,9
2,40,12,10
3,40,12,7
4,40,12,4
5,40,12,1
6,40,12,0
1,40,13,3
2,40,13,2
3,40,13,0
4,40,13,0
5,40,13,1
6,40,13,1
1,40,14,0
2,40,14,0
3,40,14,1
4,40,14,0
5,40,14,1
6,40,14,2
1,40,15,4
2,40,15,5
3,40,15,5
4,40,15,5
5,40,15,3
6,40,15,0
1,40,16,4
2,40,16,6
3,40,16,6
4,40,16,8
5,40,16,5
6,40,16,3
1,40,17,2
2,40,17,5
3,40,17,7
4,40,17,5
5,40,17,3
6,40,17,2
1,40,18,16
2,40,18,15
3,40,18,14
4,40,18,17
5,40,18,18
6,40,18,18
1,40,19,7
2,40,19,4
3,40,19,2
4,40,19,2
5,40,19,2
6,40,19,1
1,40,20,4
2,40,20,3
3,40,20,4
4,40,20,5
5,40,20,5
6,40,20,5
1,40,21,5
2,40,21,7
3,40,21,4
4,40,21,1
5,40,21,3
6,40,21,2
1,40,22,5
2,40,22,2
3,40,22,0
4,40,22,2
5,40,22,3
6,40,22,3
1,40,23,0
2,40,23,2
3,40,23,1
4,40,23,1
5,40,23,0
6,40,23,2
1,40,24,0
2,40,24,0
3,40,24,0
4,40,24,1
5,40,24,1
6,40,24,0
1,40,25,7
2,40,25,4
3,40,25,1
4,40,25,0
5,40,25,1
6,40,25,1
1,40,26,2
2,40,26,2
3,40,26,3
4,40,26,3
5,40,26,1
6,40,26,1
1,40,27,3
2,40,27,3
3,40,27,2
4,40,27,4
5,40,27,1
6,40,27,1
1,40,28,0
2,40,28,3
3,40,28,2
4,40,28,5
5,40,28,5
6,40,28,7
1,40,29,3
2,40,29,4
3,40,29,4
4,40,29,4
5,40,29,1
6,40,29,2
1,40,30,5
2,40,30,5
3,40,30,4
4,40,30,1
5,40,30,0
6,40,30,2
1,40,31,3
2,40,31,3
3,40,31,1
4,40,31,2
5,40,31,0
6,40,31,2
1,40,32,5
2,40,32,5
3,40,32,3
4,40,32,3
5,40,32,3
6,40,32,1
1,40,33,2
2,40,33,3
3,40,33,0
4,40,33,2
5,40,33,2
6,40,33,3
1,40,34,3
2,40,34,1
3,40,34,2
4,40,34,0
5,40,34,2
6,40,34,4
1,40,35,8
2,40,35,6
3,40,35,5
4,40,35,5
5,40,35,5
6,40,35,6
1,40,36,8
2,40,36,10
3,40,36,11
4,40,36,9
5,40,36,8
6,40,36,6
1,40,37,2
2,40,37,1
3,40,37,2
4,40,37,3
5,40,37,4
6,40,37,2
1,40,38,11
2,40,38,9
3,40,38,9
4,40,38,9
5,40,38,11
6,40,38,11
1,40,39,8
2,40,39,9
3,40,39,6
4,40,39,8
5,40,39,5
6,40,39,4

